time,group,order,char,feat_0,feat_1,feat_2,feat_3,feat_4,feat_5,feat_6,feat_7,feat_8,feat_9,feat_10,feat_11,feat_12,feat_13,feat_14,feat_15,feat_16,feat_17,feat_18,feat_19,feat_20,feat_21,feat_22,feat_23,feat_24,feat_25,feat_26,feat_27,feat_28,feat_29,feat_30,feat_31,feat_32,feat_33,feat_34,feat_35,feat_36,feat_37,feat_38,feat_39,feat_40,feat_41,feat_42,feat_43,feat_44,feat_45,feat_46,feat_47,feat_48,feat_49
1,组01,排01,节,1.6919922,-0.5008044,0.7924019,1.1662887,1.2550038,0.17084454,-0.057331633,-0.8563552,-0.81334186,0.37239492,0.18631972,0.6030056,0.66408676,-0.16820943,-0.874503,-0.21140632,-0.33925128,0.3160505,-0.69991755,-1.2808855,-0.5600616,-0.34896448,-0.8265621,-0.19017152,-1.0502437,-0.02866471,0.53733397,0.17585443,0.07854496,-0.39483216,0.06068303,0.21066809,-0.31041977,0.15175673,-0.23939712,-0.090871945,0.39831242,-0.27747422,0.21364588,-0.0045424597,-0.36115474,-0.0893357,-0.10392518,-0.29061,0.32391265,-0.10611571,-0.22191158,0.08571945,-0.024482457,-0.39942896
1,组01,排01,考,1.6919957,-0.5008046,0.79239976,1.1662868,1.2550032,0.17084485,-0.057332225,-0.8563562,-0.813342,0.37239498,0.18631975,0.6030065,0.66408575,-0.16820863,-0.8745024,-0.21140683,-0.33925086,0.3160507,-0.69991714,-1.2808849,-0.56006175,-0.34896457,-0.82656157,-0.19017151,-1.0502442,-0.02866441,0.5373344,0.17585391,0.0785452,-0.3948323,0.060682382,0.21066791,-0.3104198,0.15175731,-0.2393967,-0.09087184,0.39831245,-0.2774742,0.21364592,-0.004542749,-0.36115488,-0.089335315,-0.10392528,-0.29060972,0.3239125,-0.10611556,-0.22191164,0.08571945,-0.024482463,-0.3994292
1,组01,排01,这,1.6919957,-0.5008034,0.792401,1.1662878,1.2550025,0.17084473,-0.057332013,-0.8563569,-0.81334215,0.37239468,0.18631954,0.60300714,0.66408676,-0.1682087,-0.87450325,-0.21140644,-0.33925152,0.31605026,-0.69991773,-1.2808853,-0.56006163,-0.34896433,-0.8265616,-0.19017175,-1.0502439,-0.028664695,0.53733397,0.17585395,0.07854471,-0.3948319,0.060682546,0.21066779,-0.31041998,0.15175705,-0.23939706,-0.090871766,0.39831227,-0.27747416,0.21364619,-0.0045424937,-0.36115488,-0.08933524,-0.10392514,-0.29060996,0.32391286,-0.10611566,-0.2219113,0.085719064,-0.024482483,-0.3994292
2,组01,排02,节,3.1677096,-0.8826264,-0.46156096,1.3889326,-0.017239839,1.5653194,0.34096456,1.0332673,-0.23437135,0.63951683,0.42264622,0.32883534,-0.13543704,-0.26779804,-0.62588346,-0.15429561,0.09423325,0.73892635,0.043658525,-0.42518103,-0.077720486,-0.53298,-0.1636462,0.19551589,-0.25954372,-0.34158653,0.54369426,-0.16170445,-0.1041584,0.29869154,0.5771063,0.3140264,-0.44438213,-0.19859101,0.13359708,-0.010721988,0.2159348,-0.2396828,-0.047035106,-0.60466677,-0.18270585,0.39457816,0.47941828,-0.3376513,0.15167573,-0.23710349,-0.6109748,0.6666173,0.001519187,0.12947322
2,组01,排02,这,3.1677096,-0.8826263,-0.46156082,1.3889319,-0.017238699,1.5653188,0.3409641,1.0332669,-0.23437124,0.6395167,0.42264652,0.32883543,-0.13543679,-0.26779735,-0.6258833,-0.1542954,0.09423368,0.7389264,0.043658596,-0.42518133,-0.07772044,-0.53297985,-0.16364606,0.19551598,-0.25954324,-0.3415865,0.543694,-0.16170453,-0.10415848,0.29869166,0.57710636,0.31402674,-0.44438183,-0.19859093,0.13359678,-0.010721848,0.21593423,-0.23968287,-0.047035325,-0.60466653,-0.18270586,0.39457828,0.47941756,-0.33765125,0.15167564,-0.23710345,-0.61097485,0.6666166,0.0015189577,0.12947308
2,组01,排02,考,3.1677096,-0.88262624,-0.46156096,1.3889323,-0.017239269,1.5653197,0.34096432,1.033267,-0.23437144,0.6395152,0.42264676,0.32883525,-0.13543664,-0.26779768,-0.62588334,-0.15429455,0.094233125,0.7389268,0.0436586,-0.4251815,-0.07772035,-0.53298,-0.16364619,0.19551608,-0.25954327,-0.3415863,0.5436944,-0.1617042,-0.1041585,0.2986914,0.5771063,0.3140269,-0.44438228,-0.1985909,0.1335969,-0.010721828,0.21593483,-0.23968257,-0.047035195,-0.6046664,-0.18270591,0.39457846,0.47941777,-0.33765155,0.15167591,-0.23710343,-0.6109746,0.6666169,0.0015191596,0.12947287
3,组01,排03,考,0.61369544,-0.22517031,-0.052815992,-0.150239,-0.23121335,0.1720418,-0.72349143,-0.21838462,-0.5747682,1.2344879,-0.39269787,0.17188102,0.82251596,-1.4650433,-0.40696892,-0.054216247,0.068418235,0.22533385,1.3346021,-1.050007,0.047262363,-0.20904152,-1.093981,0.5574136,-1.0286773,-0.11591463,-0.014686247,-0.11787771,-0.56073856,0.68432987,1.0285707,0.0010081343,0.31286865,-0.44729614,0.34676555,-0.012366995,-0.20855086,0.60054666,-0.14753284,0.33298296,0.45422477,0.34441093,0.34640026,0.53400123,0.008228394,0.24409352,0.37931788,-0.42154357,-0.26097664,-0.09050674
3,组01,排03,节,0.61369544,-0.22517031,-0.052815996,-0.15023904,-0.23121338,0.1720418,-0.72349185,-0.21838474,-0.574768,1.2344874,-0.39269763,0.17188115,0.8225155,-1.465043,-0.40696874,-0.054217245,0.068417884,0.22533381,1.3346026,-1.0500073,0.047263198,-0.20904161,-1.0939802,0.55741334,-1.0286777,-0.11591469,-0.014686535,-0.117878,-0.56073827,0.6843302,1.0285717,0.0010081594,0.31286833,-0.4472963,0.3467658,-0.012366744,-0.2085511,0.60054666,-0.1475323,0.33298266,0.45422462,0.34441105,0.34640035,0.53400093,0.008228454,0.24409343,0.37931812,-0.42154324,-0.26097676,-0.090506494
3,组01,排03,这,0.61369544,-0.22517031,-0.05281601,-0.15023902,-0.23121336,0.17204207,-0.72349226,-0.2183845,-0.57476854,1.234488,-0.39269763,0.17188026,0.8225156,-1.465043,-0.4069684,-0.05421714,0.068416916,0.22533348,1.3346016,-1.0500072,0.047262866,-0.20904079,-1.0939803,0.5574129,-1.0286773,-0.11591478,-0.01468657,-0.11787778,-0.56073886,0.6843302,1.0285718,0.0010082057,0.31286833,-0.44729623,0.34676582,-0.012366681,-0.20855145,0.6005468,-0.14753267,0.3329824,0.45422444,0.34441102,0.34640014,0.53400147,0.0082282815,0.24409342,0.3793178,-0.42154348,-0.26097625,-0.09050643
4,组01,排04,考,3.083615,-0.12613115,-0.11127568,0.5477215,-0.045497786,0.36122897,-0.06525737,0.8501356,-0.39236295,1.0283852,0.31145605,-0.45735633,-0.11839915,-0.9396344,-0.42323285,-0.81829834,0.5456457,0.094121344,0.52117974,-0.34248054,-0.111440495,-0.3111111,-0.19404182,-0.087598905,-0.3554126,-0.35379696,0.6115743,0.16862084,-0.5570342,0.011492467,0.6773731,-0.0098379655,-0.0049848002,-0.10258227,0.30493954,-0.1605921,0.6404535,-0.23295374,-0.21809754,-0.46366993,-0.41464463,0.67296976,0.3231276,-0.40695482,0.24378349,-0.23110348,-0.3276831,0.12872091,0.10576591,0.30757558
4,组01,排04,这,3.083615,-0.12613115,-0.11127568,0.5477215,-0.0454978,0.36122888,-0.06525749,0.8501357,-0.39236304,1.0283849,0.31145605,-0.45735636,-0.11839967,-0.93963486,-0.42323306,-0.8182987,0.54564536,0.09412106,0.5211793,-0.34248063,-0.11144106,-0.31111103,-0.1940426,-0.0875992,-0.3554132,-0.3537969,0.6115744,0.16862091,-0.5570342,0.01149218,0.6773733,-0.009838066,-0.0049850727,-0.10258253,0.30493966,-0.1605922,0.64045316,-0.23295408,-0.21809754,-0.46366984,-0.4146447,0.67296934,0.3231277,-0.40695462,0.2437837,-0.2311034,-0.32768282,0.12872115,0.1057658,0.30757535
4,组01,排04,节,3.083615,-0.12613113,-0.111275695,0.5477215,-0.045497775,0.361229,-0.0652575,0.8501357,-0.3923629,1.0283852,0.31145588,-0.45735654,-0.11839991,-0.93963426,-0.4232333,-0.81829846,0.54564565,0.09412141,0.52117944,-0.3424802,-0.11144127,-0.3111112,-0.19404261,-0.08759924,-0.355413,-0.35379687,0.61157453,0.168621,-0.5570344,0.011492853,0.67737323,-0.009837789,-0.004984795,-0.10258251,0.3049397,-0.1605926,0.6404535,-0.23295388,-0.21809761,-0.46367007,-0.4146447,0.6729696,0.3231275,-0.4069547,0.24378341,-0.23110363,-0.32768297,0.1287212,0.10576559,0.3075756
5,组01,排05,这,1.1391944,-1.1675642,-0.4108939,0.8371654,0.31053373,1.2646589,-0.28804225,-0.14914444,-0.013869674,0.78200644,-0.1761302,0.7804441,0.59506303,-1.0046649,-0.39784282,0.25042576,-0.008133816,0.4061378,0.6315724,-1.4749906,0.29731584,-0.33494318,-0.86935955,0.84389484,-0.5598269,-0.52427846,-0.2752409,-0.14972168,-0.13317445,0.7896387,0.7680102,0.3472741,-0.33070698,-0.78012514,0.23916337,-0.027901495,-0.29879972,0.37841576,0.072749816,0.11724822,0.21627188,0.15067013,0.15063152,0.7039889,-0.23838885,0.36642975,0.39688304,0.13084128,-0.027873699,-0.0658727
5,组01,排05,节,1.1391944,-1.1675642,-0.4108939,0.8371654,0.31053373,1.2646588,-0.28804222,-0.1491446,-0.013870022,0.7820064,-0.17613031,0.7804448,0.59506345,-1.0046653,-0.3978433,0.25042588,-0.008133642,0.4061382,0.6315722,-1.4749918,0.2973161,-0.33494332,-0.8693598,0.84389544,-0.55982816,-0.52427894,-0.2752406,-0.14972167,-0.13317478,0.7896398,0.7680108,0.34727433,-0.33070692,-0.780125,0.2391636,-0.027901506,-0.2988,0.37841597,0.07275018,0.11724835,0.21627194,0.15067035,0.15063162,0.7039887,-0.23838945,0.3664305,0.39688295,0.13084157,-0.02787396,-0.06587237
5,组01,排05,考,1.1391944,-1.1675642,-0.4108939,0.8371654,0.31053373,1.2646588,-0.2880422,-0.14914457,-0.013870018,0.78200644,-0.17613035,0.7804449,0.59506345,-1.0046651,-0.39784306,0.25042564,-0.008133442,0.40613794,0.63157237,-1.4749913,0.2973159,-0.3349428,-0.8693596,0.84389484,-0.55982786,-0.5242791,-0.27524114,-0.14972135,-0.1331748,0.7896393,0.76801074,0.34727427,-0.330707,-0.780125,0.2391634,-0.0279016,-0.29879996,0.37841564,0.072750315,0.1172486,0.21627173,0.15067011,0.15063167,0.7039887,-0.23838915,0.36643,0.39688313,0.13084155,-0.027873883,-0.06587225
6,组01,排06,这,1.7107198,-0.6651121,0.751776,1.2712258,1.0879018,-0.4775092,-0.2793605,-0.9297322,-0.4442446,0.38946447,0.27750087,0.44684413,0.48859584,-0.52080053,-0.7847296,-0.41712022,0.09583779,0.201,-0.6129822,-1.5288054,-0.32738578,-0.3221227,-0.61562365,0.02742555,-0.58013237,-0.4367046,0.47192565,0.16513158,-0.22083235,-0.2498233,0.17881556,0.08789735,-0.0113344565,0.28184348,-0.32211092,-0.036376372,0.6746415,-0.34171405,0.29660192,-0.07351332,-0.6882345,-0.057753585,-0.40986058,-0.284142,0.13800952,-0.0029382245,0.20203424,0.20819898,0.1380541,-0.3538013
6,组01,排06,考,1.7107198,-0.66511214,0.7517761,1.2712268,1.0879022,-0.47750932,-0.27936062,-0.92973214,-0.44424435,0.3894644,0.27750084,0.44684377,0.4885959,-0.5208003,-0.7847296,-0.4171199,0.09583701,0.20100042,-0.6129816,-1.5288047,-0.32738584,-0.32212257,-0.61562306,0.027425779,-0.58013254,-0.436705,0.47192594,0.16513067,-0.22083206,-0.24982326,0.178816,0.087897435,-0.011334675,0.2818435,-0.32211113,-0.036376107,0.67464113,-0.341714,0.2966019,-0.073513106,-0.68823427,-0.057753783,-0.40986067,-0.2841419,0.13800924,-0.0029381278,0.20203443,0.2081991,0.1380544,-0.35380122
6,组01,排06,节,1.7107198,-0.66511214,0.7517761,1.2712268,1.0879022,-0.47750932,-0.27936062,-0.92973214,-0.44424435,0.3894644,0.2775008,0.4468438,0.4885959,-0.5208004,-0.7847295,-0.41711998,0.09583708,0.20100024,-0.6129816,-1.5288048,-0.32738596,-0.32212257,-0.61562335,0.02742556,-0.5801321,-0.43670502,0.4719261,0.16513102,-0.22083224,-0.24982345,0.17881578,0.08789712,-0.011334594,0.28184348,-0.3221107,-0.036376454,0.6746418,-0.341714,0.29660195,-0.073513195,-0.6882341,-0.057753757,-0.40986076,-0.28414163,0.13800913,-0.002938232,0.2020343,0.20819901,0.13805422,-0.35380098
1,组02,排01,报,-1.4814311,-0.62022525,1.5586469,0.65650696,-1.6738043,0.48855847,-1.1434976,0.2927962,-0.65585035,1.0146927,0.76534164,-0.34974638,-1.7603012,0.37657264,0.28224283,0.0763684,1.8551683,-0.7340366,0.25300547,-0.74984014,0.4413563,-0.34512728,-0.09470558,-0.19666356,0.8045849,0.4565237,-0.48542455,1.4126637,0.60480344,0.14902884,0.08412247,-0.29252088,0.7870393,-0.28972495,0.33466095,-0.11910678,0.2235698,-0.37746084,-0.44209158,0.1302883,-0.05285499,0.07562864,-0.3169455,0.09602742,-0.076946996,0.39613685,0.31849286,-0.15213342,0.3590316,0.18451029
1,组02,排01,兴,-1.4814311,-0.62022525,1.5586469,0.65650696,-1.6738043,0.48855847,-1.1434976,0.29279616,-0.65585035,1.0146927,0.76534164,-0.34974638,-1.7603011,0.37657264,0.28224286,0.07636835,1.8551685,-0.7340371,0.25300542,-0.74984014,0.4413561,-0.3451279,-0.09470553,-0.19666336,0.8045849,0.45652378,-0.48542428,1.4126642,0.6048031,0.14902918,0.08412324,-0.2925206,0.78703886,-0.28972447,0.33466104,-0.11910686,0.22356966,-0.37746093,-0.44209132,0.13028812,-0.05285454,0.07562818,-0.3169456,0.09602828,-0.07694682,0.39613664,0.318493,-0.15213344,0.35903132,0.1845104
1,组02,排01,长,-1.4814311,-0.62022525,1.5586469,0.65650696,-1.6738043,0.48855847,-1.1434976,0.29279616,-0.6558503,1.0146927,0.76534164,-0.34974638,-1.7603011,0.37657264,0.2822429,0.076368414,1.8551683,-0.7340367,0.25300553,-0.74984044,0.44135618,-0.34512725,-0.09470493,-0.19666336,0.80458504,0.45652393,-0.48542437,1.4126636,0.6048029,0.14902899,0.08412299,-0.29252127,0.7870394,-0.28972486,0.33466122,-0.1191066,0.22356977,-0.37746042,-0.4420917,0.13028803,-0.05285506,0.075628035,-0.31694564,0.09602806,-0.07694695,0.39613685,0.318493,-0.15213329,0.35903144,0.18451042
2,组02,排02,报,-1.4397334,-1.4486781,0.564026,0.9168843,0.49096128,-0.03524552,-1.8610026,-1.0826063,0.093113415,0.4194269,-0.39059657,0.10252096,0.39406157,-0.98218423,1.1151927,0.18356074,-0.46249613,-0.072802134,1.4369832,-0.32331565,-0.76343286,-0.18959294,1.1430867,0.20594275,1.1043382,0.41538066,1.1477847,-0.10270445,0.3893539,0.10003088,-0.3575458,-0.2929161,-0.31907174,0.18345973,0.5265504,-0.124329805,-0.14797392,0.43732062,0.1778516,0.28737557,-0.10476822,-0.5212236,0.031145899,-0.13823625,0.060823604,-0.26629978,-0.099557064,-0.0013136854,-0.10983273,-0.14238808
2,组02,排02,长,-1.4397334,-1.4486781,0.564026,0.9168843,0.49096128,-0.03524552,-1.8610026,-1.0826063,0.093113415,0.4194269,-0.39059657,0.102520965,0.39406157,-0.98218423,1.1151927,0.18356076,-0.4624962,-0.07280217,1.4369832,-0.32331562,-0.76343286,-0.18959285,1.1430862,0.20594291,1.1043379,0.4153807,1.1477851,-0.10270425,0.38935426,0.10003081,-0.357546,-0.29291618,-0.31907135,0.18346018,0.52655065,-0.12433012,-0.14797404,0.43732047,0.17785138,0.28737557,-0.10476811,-0.5212236,0.031145861,-0.13823642,0.060823563,-0.2662998,-0.09955684,-0.0013136609,-0.10983241,-0.1423881
2,组02,排02,兴,-1.4397334,-1.4486781,0.564026,0.9168843,0.49096128,-0.03524552,-1.8610026,-1.0826063,0.0931134,0.4194269,-0.39059657,0.10252096,0.39406157,-0.98218423,1.1151927,0.18356073,-0.46249607,-0.07280218,1.436983,-0.3233154,-0.7634329,-0.18959293,1.1430864,0.20594265,1.104338,0.41538098,1.1477848,-0.10270461,0.38935456,0.100030765,-0.35754597,-0.29291624,-0.31907135,0.18346012,0.5265507,-0.12433003,-0.14797391,0.43732092,0.1778514,0.28737557,-0.104768604,-0.5212237,0.031145798,-0.13823612,0.06082359,-0.2662996,-0.09955689,-0.0013133175,-0.10983224,-0.14238814
3,组02,排03,兴,1.9919587,1.9668115,0.25178823,-0.02359093,0.61714554,0.11923591,-1.6954178,-0.12094037,-0.57798016,1.0739486,0.7732176,-1.4882393,-0.60469955,0.17821513,0.07843557,-1.0801642,0.770179,-0.71984935,0.5167104,-0.3052844,0.33216912,-0.3225625,0.15203612,-0.16563593,0.32940882,0.0045526493,0.71924853,0.22982295,0.06649751,-0.70087594,-0.35338664,-0.08217173,-0.025391124,0.10947545,0.28240246,-0.40463936,-0.11398251,-0.026934147,-0.35620126,-0.63567674,-0.47979194,0.060901366,-0.20259453,0.44934544,-0.20215997,0.67590684,-0.0374659,-0.11899907,-0.44174126,-0.14772609
3,组02,排03,报,1.9919587,1.9668115,0.25178823,-0.02359093,0.61714554,0.11923591,-1.6954178,-0.12094037,-0.5779802,1.0739486,0.7732176,-1.4882393,-0.60469955,0.17821513,0.07843561,-1.0801643,0.77017903,-0.7198494,0.5167101,-0.30528435,0.332169,-0.32256296,0.15203583,-0.16563584,0.32940868,0.00455288,0.71924865,0.22982246,0.06649751,-0.7008763,-0.35338697,-0.08217188,-0.025390815,0.10947523,0.28240272,-0.40463975,-0.1139827,-0.026933702,-0.3562007,-0.63567674,-0.47979212,0.060901243,-0.20259447,0.44934583,-0.20216052,0.6759067,-0.037465975,-0.11899882,-0.44174102,-0.1477258
3,组02,排03,长,1.9919587,1.9668115,0.25178823,-0.02359093,0.61714554,0.11923591,-1.6954178,-0.12094037,-0.57798016,1.0739486,0.7732176,-1.4882393,-0.6046995,0.17821512,0.07843557,-1.0801643,0.770179,-0.71984947,0.5167104,-0.30528435,0.33216918,-0.3225626,0.15203594,-0.16563618,0.32940936,0.004552869,0.7192486,0.22982316,0.0664973,-0.7008758,-0.35338688,-0.08217155,-0.025391042,0.10947484,0.2824023,-0.40463972,-0.11398237,-0.026934046,-0.3562008,-0.6356764,-0.47979173,0.060901232,-0.20259434,0.449346,-0.20216043,0.6759067,-0.03746614,-0.11899901,-0.44174144,-0.14772604
4,组02,排04,兴,-1.572128,-1.2968738,0.30999047,1.0624605,0.21563222,-0.30351144,-1.9688338,-1.0600498,-0.106762566,0.78056306,-0.2958593,0.13462603,0.5117207,-1.0612824,1.0635349,0.2600945,-0.3271421,-0.031819124,1.5487709,-0.47789094,-0.86276287,-0.4354743,1.0795739,0.29401258,0.8466417,0.5336097,1.645239,-0.10433339,0.2066628,0.1974558,-0.1323632,-0.06680979,-0.3996875,0.30007184,0.8389958,-0.22067368,-0.26793784,0.23737723,-0.019883709,0.26941684,-0.18801078,-0.519793,0.07405734,-0.2060837,0.0989542,-0.09249988,0.047714762,0.19546649,-0.39573652,-0.06801039
4,组02,排04,长,-1.572128,-1.2968738,0.30999047,1.0624605,0.21563222,-0.30351144,-1.9688338,-1.0600498,-0.106762566,0.78056306,-0.2958593,0.13462603,0.5117207,-1.0612824,1.0635349,0.26009452,-0.32714203,-0.03181903,1.548771,-0.47789094,-0.86276275,-0.43547404,1.0795741,0.29401293,0.8466413,0.53360957,1.6452389,-0.10433406,0.2066632,0.19745623,-0.13236374,-0.06680979,-0.39968735,0.3000719,0.8389959,-0.22067392,-0.26793733,0.23737723,-0.019883407,0.2694169,-0.1880106,-0.51979303,0.07405751,-0.20608343,0.09895454,-0.092500225,0.047714736,0.19546661,-0.39573634,-0.06801008
4,组02,排04,报,-1.572128,-1.2968738,0.30999047,1.0624605,0.21563222,-0.30351144,-1.9688338,-1.0600498,-0.106762566,0.78056306,-0.2958593,0.13462603,0.5117207,-1.0612825,1.0635349,0.26009452,-0.3271421,-0.031819083,1.548771,-0.4778909,-0.8627629,-0.43547422,1.0795741,0.29401276,0.84664154,0.5336096,1.645239,-0.10433362,0.20666333,0.19745605,-0.13236369,-0.06680964,-0.39968762,0.30007184,0.83899593,-0.22067395,-0.26793772,0.23737726,-0.019883424,0.26941684,-0.18801111,-0.5197934,0.074057475,-0.20608358,0.09895436,-0.092500016,0.047714937,0.19546668,-0.3957364,-0.06801034
5,组02,排05,长,2.607044,0.7152497,0.26951438,0.97842366,0.9354257,1.652791,-0.96600163,-0.27931613,-0.49851736,0.36260107,0.74248993,-0.9382379,-0.37761393,0.60760075,-0.12667981,-0.73999065,-0.28841618,-0.004260346,0.007111643,-0.1801969,0.06462356,-0.56662583,0.017277053,-0.014342792,0.34529638,0.22751154,0.438272,0.09218418,0.4415598,-0.5266965,-0.5395689,0.00600688,-0.41425332,-0.24807833,0.07738209,-0.18634781,-0.6565029,-0.34764236,-0.4017624,-0.6796564,-0.013330011,-0.07053405,0.22442853,0.5822233,-0.13757816,0.20979396,-0.27922326,-0.081852205,-0.42721167,0.22525382
5,组02,排05,报,2.607044,0.7152497,0.26951438,0.97842366,0.9354257,1.652791,-0.96600163,-0.27931613,-0.49851736,0.36260107,0.74248993,-0.9382379,-0.37761393,0.60760075,-0.12667981,-0.7399906,-0.28841618,-0.0042603267,0.0071116537,-0.18019687,0.06462353,-0.56662583,0.01727705,-0.014342796,0.34529638,0.22751154,0.43827203,0.09218406,0.44155973,-0.52669656,-0.5395684,0.0060066064,-0.4142536,-0.2480783,0.077382214,-0.1863481,-0.6565029,-0.3476422,-0.40176266,-0.6796565,-0.013330304,-0.07053404,0.22442843,0.58222336,-0.13757838,0.20979428,-0.2792235,-0.08185241,-0.42721155,0.22525391
5,组02,排05,兴,2.607044,0.7152497,0.26951438,0.97842366,0.9354257,1.652791,-0.96600163,-0.27931613,-0.49851736,0.36260107,0.74248993,-0.9382379,-0.37761393,0.60760075,-0.12667981,-0.7399906,-0.28841618,-0.0042603216,0.007111662,-0.18019685,0.06462354,-0.56662583,0.017277116,-0.014342824,0.3452964,0.22751158,0.438272,0.092184186,0.44155976,-0.5266966,-0.5395688,0.006006854,-0.41425353,-0.24807839,0.07738208,-0.18634798,-0.65650284,-0.34764248,-0.40176284,-0.6796566,-0.013330085,-0.070533976,0.22442852,0.5822233,-0.1375783,0.20979376,-0.2792235,-0.08185236,-0.4272116,0.2252538
6,组02,排06,长,-0.91117144,-1.5428702,1.1425594,1.5117925,-1.278621,1.5929457,-0.5505297,-0.13983668,-0.6566629,0.7709536,0.74908483,0.098600514,-1.3738111,0.7776435,-0.09798439,0.5116247,0.99028367,-0.3103035,-0.23936853,-0.46476817,0.2627291,-0.6435453,-0.16389252,-0.03316763,0.56021935,0.7985913,-0.67790216,0.9513019,0.7250546,0.23115288,0.15529783,-0.10140355,0.3315441,-0.37525234,0.4046733,0.0073782923,-0.53158873,-0.8980741,-0.47176304,-0.036086593,0.33714807,-0.05468007,0.18318656,0.18502419,-0.063043796,-0.12176024,0.12140011,0.3575993,0.16905762,0.33439946
6,组02,排06,兴,-0.9111721,-1.5428704,1.1425592,1.5117927,-1.2786214,1.5929458,-0.5505295,-0.13983686,-0.6566627,0.7709533,0.7490845,0.09860063,-1.3738108,0.77764344,-0.097984254,0.5116248,0.99028367,-0.31030354,-0.2393686,-0.4647679,0.26272914,-0.6435453,-0.16389252,-0.03316754,0.56021935,0.7985913,-0.67790246,0.95130205,0.72505516,0.23115276,0.1552977,-0.101403244,0.3315438,-0.37525266,0.40467355,0.007378555,-0.5315885,-0.8980738,-0.47176278,-0.03608619,0.33714783,-0.054679777,0.18318647,0.18502429,-0.063043736,-0.121760264,0.12139988,0.35759953,0.16905761,0.33439985
6,组02,排06,报,-0.9111721,-1.5428704,1.1425592,1.5117927,-1.2786214,1.5929458,-0.5505295,-0.13983686,-0.6566627,0.7709533,0.7490845,0.09860063,-1.3738108,0.77764344,-0.09798425,0.5116248,0.99028367,-0.31030354,-0.2393686,-0.4647679,0.26272914,-0.6435453,-0.1638926,-0.03316752,0.56021935,0.79859126,-0.67790246,0.951302,0.7250551,0.23115286,0.15529785,-0.10140346,0.3315439,-0.37525254,0.4046733,0.007378395,-0.5315886,-0.8980736,-0.47176293,-0.03608646,0.33714795,-0.054679986,0.18318628,0.18502457,-0.0630439,-0.12176014,0.12140008,0.35759944,0.16905764,0.33439982
1,组03,排01,及,-1.8575437,-1.7282871,-3.1047344,1.4381882,2.9264793,-0.02966141,0.11123443,1.2251056,-1.0207593,-1.202764,1.6480894,-0.39411715,-0.29955414,-1.083966,0.41133717,0.3592918,1.8358303,0.54105145,-0.2380526,0.8390702,1.3407397,1.0165976,0.27646267,-0.68854356,-0.23031637,-0.36906236,0.0059283124,-0.10932233,-0.3618649,0.24757686,-0.06796998,-0.26984242,0.106433764,0.17010331,0.27666664,-0.57029563,0.22368376,0.11327254,-0.050370593,-0.13441172,0.14684057,-0.05415015,0.31626147,-0.01336337,-0.021801975,0.25055072,-0.11332106,-0.04725854,-0.09733837,-0.33688685
1,组03,排01,以,-1.8575437,-1.7282871,-3.1047344,1.4381882,2.9264793,-0.02966141,0.11123443,1.2251056,-1.0207593,-1.202764,1.6480894,-0.39411715,-0.29955414,-1.083966,0.41133717,0.3592918,1.8358303,0.54105145,-0.2380526,0.83907014,1.3407397,1.0165975,0.2764627,-0.68854356,-0.23031633,-0.3690624,0.005928304,-0.1093223,-0.36186495,0.24757676,-0.06796995,-0.2698425,0.10643368,0.17010339,0.2766667,-0.5702954,0.22368383,0.11327245,-0.050370555,-0.13441183,0.14684036,-0.054150347,0.3162615,-0.013363565,-0.021802034,0.25055096,-0.11332126,-0.047258653,-0.09733829,-0.33688682
1,组03,排01,近,-1.8575437,-1.7282871,-3.1047344,1.4381882,2.9264793,-0.02966141,0.11123443,1.2251056,-1.0207593,-1.202764,1.6480894,-0.39411715,-0.29955414,-1.083966,0.41133717,0.3592918,1.8358303,0.54105145,-0.2380526,0.8390702,1.3407397,1.0165975,0.2764627,-0.68854344,-0.23031634,-0.3690624,0.0059283124,-0.10932236,-0.36186492,0.24757679,-0.06796995,-0.2698425,0.106433704,0.17010336,0.27666673,-0.57029563,0.22368369,0.11327256,-0.050370738,-0.13441166,0.14684032,-0.05415041,0.31626147,-0.0133634135,-0.02180186,0.25055096,-0.11332111,-0.047258656,-0.0973383,-0.336887
2,组03,排02,及,1.5437574,-0.4376842,-2.9131637,0.5588946,1.5973606,-0.7694239,-0.6173945,-0.7797899,0.9953833,-0.2012321,0.5844707,1.120264,0.67156357,0.73802006,0.88750076,0.3394261,-0.664644,0.099663585,-0.060027726,0.47497067,-0.21928452,-0.013043024,0.5255723,0.11667935,-0.44282252,0.055475973,0.22434549,0.64109,0.026022358,-1.0377527,-0.1785407,0.73282516,0.24098282,-0.29417032,-0.18606254,0.01497275,0.047760025,-0.5951028,-0.13518576,0.13326745,-0.030715352,0.09011417,0.20758918,0.1214176,0.19559227,0.56099564,0.2288963,0.23341559,-0.04151623,0.0020809583
2,组03,排02,近,1.5437574,-0.4376842,-2.9131637,0.5588946,1.5973606,-0.7694239,-0.6173945,-0.7797899,0.9953833,-0.2012321,0.5844707,1.120264,0.67156357,0.73802,0.88750076,0.3394261,-0.664644,0.099663585,-0.060027726,0.4749706,-0.21928452,-0.013043018,0.5255723,0.11667936,-0.44282252,0.055475973,0.2243455,0.64109,0.026022373,-1.0377527,-0.17854063,0.73282516,0.2409827,-0.2941704,-0.18606254,0.014972686,0.04776006,-0.59510255,-0.1351861,0.13326742,-0.030715704,0.09011363,0.20758954,0.12141762,0.19559231,0.5609959,0.22889642,0.23341572,-0.041516095,0.0020810901
2,组03,排02,以,1.5437574,-0.4376842,-2.9131637,0.5588946,1.5973606,-0.7694239,-0.6173945,-0.7797899,0.9953833,-0.2012321,0.5844707,1.120264,0.67156357,0.73802006,0.88750076,0.3394261,-0.664644,0.099663585,-0.060027726,0.47497067,-0.21928452,-0.013043018,0.5255723,0.11667936,-0.44282252,0.055475973,0.22434549,0.64109,0.02602239,-1.0377527,-0.17854062,0.7328252,0.2409827,-0.29417047,-0.18606253,0.014972613,0.047759946,-0.5951025,-0.1351861,0.13326755,-0.03071554,0.0901139,0.20758921,0.12141771,0.19559234,0.5609955,0.22889635,0.23341577,-0.04151602,0.0020812408
3,组03,排03,以,-0.8819967,-0.6568573,-2.0058434,1.7505131,1.7482203,-0.47548687,-0.35894135,-0.25603667,-1.0470273,-0.36915582,0.84901845,-0.1404331,1.1745903,0.18613036,0.8585313,0.90429324,0.52384984,-1.0515473,0.6092126,-0.050210122,-0.095005535,0.58411896,0.04250687,0.033433378,-1.2972268,-0.68671834,-0.27838328,0.7076047,0.11823679,-0.17065312,0.0032515563,-0.16172393,0.7197423,0.21207663,0.07629166,0.6728702,-0.669873,0.55483574,-0.29880312,0.20183977,-0.26532224,0.30270046,-0.41761914,-0.23424383,0.08102334,-0.49648508,0.5400204,-0.12406143,0.23860346,-0.11046581
3,组03,排03,及,-0.8819967,-0.6568573,-2.0058434,1.7505131,1.7482203,-0.47548687,-0.35894135,-0.25603667,-1.0470273,-0.36915582,0.84901845,-0.1404331,1.1745903,0.18613036,0.8585313,0.90429324,0.52384984,-1.0515473,0.6092126,-0.050210122,-0.095005535,0.58411896,0.04250687,0.033433378,-1.2972268,-0.68671834,-0.27838326,0.7076047,0.11823676,-0.17065313,0.0032515563,-0.161724,0.7197424,0.21207666,0.07629166,0.67287016,-0.6698729,0.55483574,-0.29880306,0.20183995,-0.26532218,0.30270043,-0.41761923,-0.23424368,0.08102345,-0.49648497,0.5400204,-0.12406137,0.23860353,-0.110465996
3,组03,排03,近,-0.88199675,-0.6568572,-2.0058434,1.7505131,1.7482203,-0.47548693,-0.35894132,-0.25603667,-1.0470273,-0.3691558,0.84901834,-0.14043304,1.1745901,0.18613033,0.8585312,0.90429354,0.5238497,-1.0515472,0.6092125,-0.05021002,-0.0950056,0.584119,0.042506907,0.033433434,-1.2972268,-0.68671834,-0.27838323,0.7076046,0.11823676,-0.17065324,0.0032515791,-0.16172385,0.7197423,0.21207665,0.07629168,0.6728701,-0.66987294,0.5548358,-0.29880303,0.20183985,-0.2653222,0.30270052,-0.4176191,-0.23424369,0.08102347,-0.49648497,0.5400202,-0.12406142,0.23860352,-0.11046574
4,组03,排04,以,1.4753923,-0.080235496,-2.8141356,0.8489686,1.9322659,-0.54525733,-0.23497245,-0.69904774,0.8358524,-0.11101553,0.78345686,1.0237343,0.66984075,0.43590203,0.68428206,0.40674314,-0.56636405,-0.17334686,-0.15396258,0.099969335,-0.3244505,0.031195462,0.8350166,0.34097472,-0.6405841,0.08197227,-0.18900666,0.6032333,0.22085164,-1.1984408,0.033884954,0.65019244,0.11214459,-0.14829493,-0.15405075,-0.14150693,0.0038046204,-0.5888336,0.027257955,0.08254575,-0.36757657,0.15314229,0.11565574,-0.11096756,0.05326382,0.4819756,0.1443518,0.17755944,-0.03790609,0.36967504
4,组03,排04,近,1.4753923,-0.080235496,-2.8141356,0.8489686,1.9322659,-0.54525733,-0.23497245,-0.69904774,0.8358524,-0.11101553,0.78345686,1.0237343,0.66984075,0.43590203,0.68428206,0.40674314,-0.56636405,-0.17334686,-0.15396258,0.099969335,-0.3244505,0.031195464,0.8350166,0.34097472,-0.6405841,0.08197227,-0.18900666,0.6032333,0.22085163,-1.1984408,0.033884954,0.6501924,0.11214456,-0.14829493,-0.15405078,-0.14150687,0.003804665,-0.58883333,0.027257958,0.082545765,-0.3675767,0.15314204,0.115655795,-0.11096756,0.05326372,0.48197535,0.14435196,0.1775598,-0.03790623,0.3696755
4,组03,排04,及,1.4753923,-0.080235496,-2.8141356,0.8489686,1.9322659,-0.54525733,-0.23497245,-0.69904774,0.8358524,-0.11101553,0.78345686,1.0237343,0.66984075,0.43590203,0.68428206,0.40674314,-0.56636405,-0.17334686,-0.15396258,0.099969335,-0.3244505,0.031195462,0.8350166,0.34097472,-0.6405841,0.08197227,-0.18900666,0.6032333,0.22085163,-1.1984408,0.03388496,0.6501924,0.112144575,-0.14829494,-0.15405077,-0.1415069,0.0038046567,-0.58883345,0.027257934,0.08254573,-0.36757654,0.15314215,0.1156557,-0.11096759,0.053263728,0.48197556,0.14435203,0.17755972,-0.03790612,0.36967546
5,组03,排05,近,-0.21942908,-1.1194749,-1.5628241,2.5804996,1.7376088,0.5908403,-0.23925866,-0.4297172,-0.5759368,-0.5567682,0.7719074,0.6307505,0.9345219,0.4818593,0.54995674,1.134014,-0.096240774,-0.42775014,0.15545194,-0.2560924,-0.5131629,0.057038605,0.27655944,0.3017985,-0.7641118,-0.24392325,-0.127098,0.44600248,0.0491308,-0.119574696,-0.3152101,-0.14069682,0.19321398,-0.18379113,0.3989069,0.7706857,-0.6038542,0.090571426,-0.49021882,0.24669981,0.30539757,0.051515423,-0.34356982,-0.18330918,0.07233118,-0.4110097,0.33230168,-0.16020122,0.32292375,-0.01457245
5,组03,排05,及,-0.21942908,-1.1194749,-1.5628241,2.5804996,1.7376088,0.5908403,-0.23925866,-0.4297172,-0.5759368,-0.5567682,0.7719074,0.6307505,0.9345219,0.4818593,0.54995674,1.134014,-0.096240774,-0.42775014,0.15545194,-0.2560924,-0.5131629,0.057038605,0.27655944,0.3017985,-0.7641118,-0.24392325,-0.127098,0.44600248,0.049130805,-0.119574696,-0.3152101,-0.14069684,0.19321397,-0.18379113,0.398907,0.7706856,-0.6038542,0.090571456,-0.49021882,0.24669984,0.30539763,0.05151543,-0.3435699,-0.18330912,0.072331145,-0.41100964,0.33230162,-0.16020095,0.32292375,-0.014572525
5,组03,排05,以,-0.21942908,-1.1194749,-1.5628241,2.5804996,1.7376088,0.5908403,-0.23925866,-0.4297172,-0.5759368,-0.5567682,0.7719074,0.6307505,0.9345219,0.4818593,0.54995674,1.134014,-0.096240774,-0.42775014,0.15545194,-0.2560924,-0.5131629,0.057038605,0.27655944,0.3017985,-0.7641118,-0.24392325,-0.12709798,0.44600248,0.0491308,-0.11957469,-0.31521013,-0.14069682,0.19321397,-0.18379113,0.39890692,0.7706856,-0.6038541,0.090571456,-0.49021882,0.24669984,0.3053976,0.051515397,-0.34356982,-0.18330914,0.07233115,-0.4110098,0.3323017,-0.16020116,0.32292363,-0.014572375
6,组03,排06,近,-1.6828387,-2.2123384,-2.9161246,2.4708214,2.8139882,1.2714949,0.3445525,1.4905738,-0.97678316,-1.5137361,1.5992669,-0.22810426,-0.0083393585,-0.80254287,0.015175195,0.65401125,1.178548,1.2035438,-0.60827786,0.45508772,0.9529877,0.8911651,0.4992414,-0.094352044,0.014593805,0.15337192,0.11731829,-0.30289623,-0.36217767,0.2453031,-0.31148577,-0.38905337,-0.2990969,-0.11285172,0.29939622,-0.57896155,0.4769984,0.015031381,-0.25105166,-0.064186975,0.6341672,-0.26748073,-0.0062196106,0.017464962,-0.031539723,0.43177506,-0.41940776,-0.2036598,-0.21967493,0.018028868
6,组03,排06,以,-1.6828392,-2.2123387,-2.9161253,2.4708214,2.8139882,1.2714945,0.34455222,1.490574,-0.9767826,-1.5137358,1.599267,-0.2281042,-0.008339663,-0.80254227,0.015175385,0.6540114,1.178548,1.2035438,-0.60827816,0.4550875,0.9529877,0.8911651,0.49924168,-0.09435185,0.0145935,0.15337187,0.117318414,-0.30289605,-0.36217767,0.24530296,-0.31148565,-0.38905337,-0.29909685,-0.112851925,0.29939643,-0.5789615,0.4769981,0.015031641,-0.25105155,-0.06418696,0.6341672,-0.26748073,-0.006219677,0.017465014,-0.03154005,0.4317749,-0.41940758,-0.20365982,-0.21967515,0.01802869
6,组03,排06,及,-1.6828392,-2.2123387,-2.9161253,2.4708214,2.8139882,1.2714945,0.34455222,1.490574,-0.9767826,-1.5137358,1.599267,-0.2281042,-0.008339663,-0.80254227,0.015175385,0.6540114,1.178548,1.2035438,-0.60827816,0.4550875,0.9529877,0.8911651,0.49924168,-0.09435185,0.014593499,0.15337187,0.117318414,-0.30289605,-0.36217767,0.24530296,-0.31148565,-0.38905334,-0.29909685,-0.112851925,0.29939643,-0.5789615,0.47699815,0.015031617,-0.25105157,-0.06418698,0.6341672,-0.2674807,-0.006219691,0.017465029,-0.031540107,0.4317749,-0.41940764,-0.20365982,-0.21967506,0.018028764
1,组04,排01,克,-1.5801432,3.1957645,0.2599251,3.8850625,-0.4762038,-0.5932808,0.8043174,0.90523523,0.66023093,-0.5539384,0.38075817,-0.43007207,-0.25386384,1.1901789,0.290796,0.32317024,0.5449,-0.37652326,0.19925137,0.7662747,-0.17184028,-0.6050789,-0.0930867,-0.33268148,-0.35406148,0.10291137,0.5949844,0.25838423,0.7259554,-0.24980064,1.3509165,-0.49661446,0.29185,-0.24861626,-0.3642755,-0.13083762,0.26818615,0.8216186,0.8542476,-0.29958722,-0.12576964,-0.097258955,-0.057858054,0.21745674,0.27400985,-0.023409126,-0.026919466,0.22901164,-0.05147946,-0.6352288
1,组04,排01,反,-1.5801432,3.1957645,0.2599251,3.8850625,-0.4762038,-0.5932808,0.8043174,0.90523523,0.66023093,-0.5539384,0.38075817,-0.43007207,-0.25386384,1.1901789,0.290796,0.32317024,0.5449,-0.37652326,0.19925137,0.7662747,-0.17184028,-0.6050789,-0.0930867,-0.33268148,-0.35406148,0.10291137,0.5949844,0.25838423,0.7259554,-0.24980064,1.3509165,-0.49661446,0.29185,-0.24861626,-0.3642755,-0.13083762,0.26818618,0.8216186,0.8542476,-0.29958722,-0.12576966,-0.097258955,-0.057858013,0.2174567,0.27400988,-0.023409149,-0.026919466,0.2290116,-0.05147951,-0.6352288
1,组04,排01,就,-1.5801432,3.1957645,0.2599251,3.8850625,-0.4762038,-0.5932808,0.8043174,0.90523523,0.66023093,-0.5539384,0.38075817,-0.43007207,-0.25386384,1.1901789,0.290796,0.32317024,0.5449,-0.37652326,0.19925137,0.7662747,-0.17184028,-0.6050789,-0.0930867,-0.33268148,-0.35406148,0.10291137,0.5949844,0.25838423,0.7259554,-0.24980064,1.3509165,-0.49661446,0.29185,-0.24861626,-0.3642755,-0.13083762,0.26818615,0.8216187,0.8542476,-0.2995872,-0.12576966,-0.09725899,-0.057858076,0.21745674,0.27400982,-0.023409117,-0.026919464,0.2290117,-0.051479597,-0.63522905
2,组04,排02,克,-4.0477033,3.2928588,-0.5632294,2.0175521,-0.5487406,1.2241206,-0.29125696,-1.0093107,2.8587956,0.17049754,-0.29525718,-0.5986109,0.68482655,-0.5801301,0.86621726,-1.3413742,0.59988356,-0.1966941,0.7549462,-0.22561793,0.38336062,0.4445309,0.15757197,0.60549814,-0.37528104,-0.62047136,-1.0827988,-0.42137715,0.6615922,0.09085771,0.021679128,0.01114815,0.37429816,0.33382785,-0.61834127,0.05999746,0.60196525,0.08912119,-0.36056536,-0.32224417,-0.52049553,-0.36863318,0.5320833,-0.56394047,-0.07289497,-0.0063677602,-0.08089811,0.10350006,-0.49932045,0.07912682
2,组04,排02,就,-4.0477033,3.2928588,-0.5632294,2.0175521,-0.5487406,1.2241206,-0.29125696,-1.0093107,2.8587956,0.17049754,-0.29525718,-0.5986109,0.68482655,-0.5801301,0.86621726,-1.3413742,0.59988356,-0.1966941,0.7549462,-0.22561793,0.38336062,0.4445309,0.15757197,0.60549814,-0.37528104,-0.62047136,-1.0827988,-0.42137715,0.6615922,0.09085771,0.02167913,0.011148149,0.37429816,0.33382785,-0.61834127,0.05999746,0.60196525,0.089121185,-0.36056536,-0.32224414,-0.52049553,-0.36863315,0.5320833,-0.5639404,-0.072895,-0.0063677966,-0.08089811,0.103500076,-0.49932045,0.07912684
2,组04,排02,反,-4.0477033,3.2928588,-0.5632294,2.0175521,-0.5487406,1.2241206,-0.29125696,-1.0093107,2.8587956,0.17049754,-0.29525718,-0.5986109,0.68482655,-0.5801301,0.86621726,-1.3413742,0.59988356,-0.1966941,0.7549462,-0.22561793,0.38336062,0.4445309,0.15757197,0.60549814,-0.37528104,-0.62047136,-1.0827988,-0.42137715,0.6615922,0.09085771,0.02167913,0.011148148,0.37429816,0.33382785,-0.61834127,0.05999746,0.6019652,0.089121185,-0.36056536,-0.32224414,-0.52049553,-0.36863315,0.5320833,-0.5639404,-0.072895,-0.006367799,-0.08089811,0.10350007,-0.49932045,0.07912684
3,组04,排03,反,-2.249985,4.636818,-0.45088473,3.4545674,-0.21409297,-0.1347797,0.5393161,-1.3598742,1.7280885,-0.80928993,-0.42429292,-0.9270537,-1.0927228,-1.0396601,-0.6071621,-0.051063582,-0.53132963,1.2813735,0.17904486,-0.31806093,0.038021762,0.32030824,-0.4134699,-0.93014085,0.23137397,-0.41596484,0.6961739,0.626355,-0.43934074,0.3500615,-0.50091636,0.285062,-0.14630409,0.6770025,-0.21927221,0.3498858,-0.17014804,-0.28590304,-0.048767544,0.23089021,0.4193725,0.49041432,-0.023573237,0.3146562,-0.27809134,-0.05104854,0.34941274,0.11631117,0.14577973,0.026553217
3,组04,排03,克,-2.249985,4.636818,-0.45088473,3.4545674,-0.21409297,-0.1347797,0.5393161,-1.3598742,1.7280885,-0.80928993,-0.42429292,-0.9270537,-1.0927228,-1.0396601,-0.6071621,-0.051063582,-0.53132963,1.2813735,0.17904486,-0.31806093,0.038021762,0.32030824,-0.4134699,-0.93014085,0.23137397,-0.41596484,0.6961739,0.626355,-0.43934074,0.3500615,-0.50091636,0.285062,-0.14630409,0.6770025,-0.21927221,0.3498858,-0.17014804,-0.28590304,-0.048767544,0.23089021,0.4193725,0.49041432,-0.023573237,0.3146562,-0.27809134,-0.05104854,0.34941274,0.11631117,0.14577973,0.026553217
3,组04,排03,就,-2.249985,4.636818,-0.45088473,3.4545674,-0.21409297,-0.1347797,0.5393161,-1.3598742,1.7280885,-0.80928993,-0.42429292,-0.9270537,-1.0927228,-1.0396601,-0.6071621,-0.051063582,-0.53132963,1.2813735,0.17904486,-0.31806093,0.038021762,0.32030824,-0.4134699,-0.93014085,0.23137397,-0.41596484,0.6961739,0.626355,-0.43934074,0.3500615,-0.50091636,0.285062,-0.14630409,0.6770025,-0.21927221,0.3498858,-0.17014804,-0.28590304,-0.048767544,0.23089021,0.4193725,0.49041432,-0.023573237,0.3146562,-0.27809134,-0.05104854,0.34941274,0.11631117,0.14577973,0.026553217
4,组04,排04,反,-3.1818979,2.235884,-0.4493623,2.3306255,-0.4758904,1.7681261,0.041644674,-1.000289,2.6524596,-0.2189968,-0.18216206,0.11933177,0.080808,-0.6643895,0.51373196,-0.7009398,-0.27057725,0.054306477,0.53212297,-0.36292422,0.33160564,0.24359447,0.43408132,0.049145952,-0.298177,-0.26408347,-1.3475201,-0.5998588,0.5152852,0.05851305,0.32112804,0.21212634,-0.12070168,-0.30030066,0.01272764,-0.35645714,0.09943583,-0.52937144,-0.57595944,0.0432565,-0.6715569,-0.526749,0.7281483,-0.16001509,0.14382154,-0.33958808,0.01782374,-0.77222383,0.3940476,0.15352334
4,组04,排04,就,-3.1818979,2.235884,-0.4493623,2.3306255,-0.4758904,1.7681261,0.041644674,-1.000289,2.6524596,-0.2189968,-0.18216206,0.11933177,0.080808,-0.6643895,0.51373196,-0.7009398,-0.27057725,0.054306477,0.53212297,-0.36292422,0.33160564,0.24359447,0.43408132,0.049145952,-0.298177,-0.26408347,-1.3475201,-0.5998588,0.5152852,0.05851305,0.32112804,0.21212634,-0.12070168,-0.30030066,0.01272764,-0.35645714,0.09943583,-0.52937144,-0.57595944,0.0432565,-0.6715569,-0.526749,0.7281483,-0.16001509,0.14382154,-0.33958808,0.01782374,-0.77222383,0.3940476,0.15352334
4,组04,排04,克,-3.1818979,2.235884,-0.4493623,2.3306255,-0.4758904,1.7681261,0.041644674,-1.000289,2.6524596,-0.2189968,-0.18216206,0.11933177,0.080808,-0.6643895,0.51373196,-0.7009398,-0.27057725,0.054306477,0.53212297,-0.36292422,0.33160564,0.24359447,0.43408132,0.049145952,-0.298177,-0.26408347,-1.3475201,-0.5998588,0.5152852,0.05851305,0.32112804,0.21212634,-0.12070168,-0.30030066,0.01272764,-0.35645714,0.09943583,-0.52937144,-0.57595944,0.0432565,-0.6715569,-0.526749,0.7281483,-0.16001509,0.14382154,-0.33958808,0.01782374,-0.77222383,0.3940476,0.15352334
5,组04,排05,就,-1.9719454,4.1671414,-0.39778042,3.8812354,-0.27911228,-0.09744338,0.70830655,-1.3521863,1.4387639,-0.8410393,-0.59132445,-0.8881501,-0.8835211,-0.7840206,-0.6027436,-0.11831214,-0.66423833,1.1013776,0.21746925,-0.19426553,-0.13292904,0.13982426,-0.46113777,-1.0817871,0.09815249,-0.2181905,0.8447735,0.8090407,-0.5150185,0.37809464,-0.61264807,0.14825433,-0.024224114,0.5288759,-0.14585038,0.1572533,-0.27616242,-0.21740526,0.036367737,0.21113206,0.5740591,0.3832385,-0.43085346,0.26213536,-0.045217518,0.22497332,-0.011489009,0.21366987,0.08836948,0.44565514
5,组04,排05,克,-1.9719454,4.1671414,-0.39778042,3.8812354,-0.27911228,-0.09744338,0.70830655,-1.3521863,1.4387639,-0.8410393,-0.59132445,-0.8881501,-0.8835211,-0.7840206,-0.6027436,-0.11831214,-0.66423833,1.1013776,0.21746925,-0.19426553,-0.13292904,0.13982426,-0.46113777,-1.0817871,0.09815249,-0.2181905,0.8447735,0.8090407,-0.5150185,0.37809464,-0.61264807,0.14825433,-0.024224114,0.5288759,-0.14585038,0.1572533,-0.27616242,-0.21740526,0.036367737,0.21113206,0.5740591,0.3832385,-0.43085346,0.26213536,-0.045217518,0.22497332,-0.011489009,0.21366987,0.08836948,0.44565514
5,组04,排05,反,-1.9719454,4.1671414,-0.39778042,3.8812354,-0.27911228,-0.09744338,0.70830655,-1.3521863,1.4387639,-0.8410393,-0.59132445,-0.8881501,-0.8835211,-0.7840206,-0.6027436,-0.11831214,-0.66423833,1.1013776,0.21746925,-0.19426553,-0.13292904,0.13982426,-0.46113777,-1.0817871,0.09815249,-0.2181905,0.8447735,0.8090407,-0.5150185,0.37809464,-0.61264807,0.14825433,-0.024224114,0.5288759,-0.14585038,0.1572533,-0.27616242,-0.21740526,0.036367737,0.21113206,0.5740591,0.3832385,-0.43085346,0.26213536,-0.045217518,0.22497332,-0.011489009,0.21366987,0.08836948,0.44565514
6,组04,排06,就,-0.9095399,2.3394396,0.21587014,4.467211,-0.54244393,-0.04370991,1.0515255,0.75525045,0.5828551,-0.78180724,0.21246903,-0.13405925,-0.30949917,1.1987598,-0.28247362,0.60665804,-0.25111648,-0.0025772487,0.09158098,0.68857,-0.56887025,-1.0102379,0.22503322,-0.48602352,0.0018460923,0.56648725,0.20310715,0.0041470104,0.4010352,-0.24913038,1.327282,-0.7301764,-0.046627738,-0.7924374,-0.20481199,-0.48534968,-0.2283195,0.24905568,0.68049973,-0.0092601115,0.03879932,-0.65630466,-0.19655672,0.2828864,0.3840389,-0.10518596,-0.27984878,-0.008907568,0.27527484,-0.16452692
6,组04,排06,反,-0.9095399,2.33944,0.21586981,4.467211,-0.54244405,-0.043709792,1.0515256,0.7552503,0.5828551,-0.7818072,0.21246894,-0.13405937,-0.30949923,1.1987598,-0.2824736,0.6066581,-0.2511166,-0.0025773274,0.09158092,0.68857014,-0.5688703,-1.0102379,0.22503345,-0.48602363,0.0018459049,0.5664872,0.20310724,0.004146728,0.40103522,-0.24913019,1.327282,-0.7301764,-0.04662762,-0.7924375,-0.2048124,-0.48534968,-0.22831942,0.24905588,0.68049973,-0.009260377,0.038799252,-0.65630466,-0.1965568,0.28288656,0.38403898,-0.10518589,-0.27984872,-0.008907445,0.2752749,-0.1645269
6,组04,排06,克,-0.9095399,2.33944,0.21586981,4.467211,-0.54244405,-0.043709792,1.0515256,0.7552503,0.5828551,-0.7818072,0.21246894,-0.13405937,-0.30949923,1.1987598,-0.2824736,0.6066581,-0.2511166,-0.0025773274,0.09158092,0.68857014,-0.5688703,-1.0102379,0.22503345,-0.48602363,0.0018459049,0.5664872,0.20310724,0.004146728,0.40103522,-0.24913019,1.327282,-0.7301764,-0.04662762,-0.7924375,-0.2048124,-0.48534968,-0.22831942,0.24905588,0.68049973,-0.009260377,0.038799252,-0.65630466,-0.1965568,0.28288656,0.38403898,-0.10518589,-0.27984872,-0.008907445,0.2752749,-0.1645269
1,组05,排01,时,-1.21129,-3.0792077,-0.7918348,-0.28838164,-1.0617009,-0.9906709,-0.7640074,-0.42466578,0.9963148,-0.036281966,0.22098432,-0.10179893,-0.9416048,-1.2947133,-0.3452615,-0.41543058,0.24389087,-0.1505257,-1.9280704,0.03279478,-0.8936001,0.13170454,0.22637014,-0.40104276,-0.9933203,0.6397781,0.031835094,-0.30514538,0.6437849,0.47188112,-0.2556179,-0.045139547,0.13679132,-0.34688076,-0.6104428,-0.62267435,-0.20109528,0.4857509,-0.074854545,-0.19367523,-0.27526236,0.11613992,-0.07733356,0.09455177,-0.42465368,-0.04643874,0.2382976,0.032917947,-0.41227278,0.1400278
1,组05,排01,性,-1.21129,-3.0792077,-0.7918348,-0.28838164,-1.0617009,-0.9906709,-0.7640074,-0.42466578,0.9963148,-0.036281966,0.22098432,-0.10179893,-0.9416048,-1.2947133,-0.3452615,-0.41543058,0.24389087,-0.1505257,-1.9280704,0.03279478,-0.8936001,0.13170454,0.22637014,-0.40104276,-0.9933203,0.6397781,0.031835094,-0.30514538,0.6437849,0.47188112,-0.2556179,-0.045139547,0.13679132,-0.34688076,-0.6104428,-0.62267435,-0.20109528,0.4857509,-0.074854545,-0.19367523,-0.27526236,0.11613992,-0.07733356,0.09455177,-0.42465368,-0.04643874,0.2382976,0.032917947,-0.41227278,0.1400278
1,组05,排01,备,-1.21129,-3.0792077,-0.7918348,-0.28838164,-1.0617009,-0.9906709,-0.7640074,-0.42466578,0.9963148,-0.036281966,0.22098432,-0.10179893,-0.9416048,-1.2947133,-0.3452615,-0.41543058,0.24389087,-0.1505257,-1.9280704,0.03279478,-0.8936001,0.13170454,0.22637014,-0.40104276,-0.9933203,0.6397781,0.031835094,-0.30514538,0.6437849,0.47188112,-0.2556179,-0.045139547,0.13679132,-0.34688076,-0.6104428,-0.62267435,-0.20109528,0.4857509,-0.074854545,-0.19367523,-0.27526236,0.11613992,-0.07733356,0.09455177,-0.42465368,-0.04643874,0.2382976,0.032917947,-0.41227278,0.1400278
2,组05,排02,时,2.0633912,-1.6834977,-0.42804185,0.3232277,-1.603319,-0.5633823,-0.8627539,-0.08476649,0.12259759,-0.028532783,-0.48855886,-0.7555777,0.04091021,0.70671105,0.2731916,-0.3941965,0.44751802,-0.16052689,0.07136728,0.3741981,-0.15923853,0.83021635,-0.22311196,-0.21187258,-1.1147944,-0.01656595,0.3154039,-0.5971278,0.30705148,0.33114663,0.35932833,-0.22824875,0.8785353,0.78248143,0.33462757,0.64665115,-0.79395014,-0.3336811,0.26850852,-0.15567262,-0.09787241,0.04078989,0.037798338,0.041284386,0.21209864,0.35544622,-0.79459065,-0.05591433,-0.21051359,0.5299625
2,组05,排02,备,2.0633912,-1.6834977,-0.42804185,0.3232277,-1.603319,-0.5633823,-0.8627539,-0.08476649,0.12259759,-0.028532783,-0.48855886,-0.7555777,0.04091021,0.70671105,0.2731916,-0.3941965,0.44751802,-0.16052689,0.07136728,0.3741981,-0.15923853,0.83021635,-0.22311196,-0.21187258,-1.1147944,-0.01656595,0.3154039,-0.5971278,0.30705148,0.33114663,0.35932833,-0.22824875,0.8785353,0.78248143,0.33462757,0.64665115,-0.79395014,-0.3336811,0.26850852,-0.15567262,-0.09787241,0.04078989,0.037798338,0.041284386,0.21209864,0.35544622,-0.79459065,-0.05591433,-0.21051359,0.5299625
2,组05,排02,性,2.0633912,-1.6834977,-0.42804185,0.3232277,-1.603319,-0.5633823,-0.8627539,-0.08476649,0.12259759,-0.028532783,-0.48855886,-0.7555777,0.04091021,0.70671105,0.2731916,-0.3941965,0.44751802,-0.16052689,0.07136728,0.3741981,-0.15923853,0.83021635,-0.22311196,-0.21187258,-1.1147944,-0.01656595,0.3154039,-0.5971278,0.30705148,0.33114663,0.35932833,-0.22824875,0.8785353,0.78248143,0.33462757,0.64665115,-0.79395014,-0.3336811,0.26850852,-0.15567262,-0.09787241,0.04078989,0.037798338,0.041284386,0.21209864,0.35544622,-0.79459065,-0.05591433,-0.21051359,0.5299625
3,组05,排03,性,1.9629883,-1.5805652,-0.4821761,1.0072118,-0.5210911,0.41141307,-0.46526745,-0.15396683,0.85831004,-0.359297,-0.1750332,-0.15713146,-0.09008635,0.16133219,-0.27107427,0.30504617,0.17373365,-0.32054517,-1.4908528,-0.0021654153,-0.75955594,0.0695417,-0.038166806,-0.21266371,0.28494346,0.80065715,-0.35189247,0.6500931,0.08358785,0.6322803,-0.6621712,0.3544057,-0.10519207,0.12938733,0.39851984,0.31460306,0.014111357,0.4215248,0.6883149,0.20851426,-0.26491058,0.14994806,0.46939424,-0.29822186,0.20470323,0.20830077,-0.008913328,-0.038652025,0.35617384,-0.26351202
3,组05,排03,时,1.9629883,-1.5805652,-0.4821761,1.0072118,-0.5210911,0.41141307,-0.46526745,-0.15396683,0.85831004,-0.359297,-0.1750332,-0.15713146,-0.09008635,0.16133219,-0.27107427,0.30504617,0.17373365,-0.32054517,-1.4908528,-0.0021654153,-0.75955594,0.0695417,-0.038166806,-0.21266371,0.28494346,0.80065715,-0.35189247,0.6500931,0.08358785,0.6322803,-0.6621712,0.3544057,-0.10519207,0.12938733,0.39851984,0.31460306,0.014111357,0.4215248,0.6883149,0.20851426,-0.26491058,0.14994806,0.46939424,-0.29822186,0.20470323,0.20830077,-0.008913328,-0.038652025,0.35617384,-0.26351202
3,组05,排03,备,1.9629883,-1.5805652,-0.4821761,1.0072118,-0.5210911,0.41141307,-0.46526745,-0.15396683,0.85831004,-0.359297,-0.1750332,-0.15713146,-0.09008635,0.16133219,-0.27107427,0.30504617,0.17373365,-0.32054517,-1.4908528,-0.0021654153,-0.75955594,0.0695417,-0.038166806,-0.21266371,0.28494346,0.80065715,-0.35189247,0.6500931,0.08358785,0.6322803,-0.6621712,0.3544057,-0.10519207,0.12938733,0.39851984,0.31460306,0.014111357,0.4215248,0.6883149,0.20851426,-0.26491058,0.14994806,0.46939424,-0.29822186,0.20470323,0.20830077,-0.008913328,-0.038652025,0.35617384,-0.26351202
4,组05,排04,性,2.42137,-2.049334,-0.16607235,1.6179384,-1.1286584,0.5595097,-0.9522698,0.20497487,0.53264016,-0.35571092,-0.2095504,-0.33643398,-0.07396696,1.0818108,0.12418979,0.056651644,0.0062990356,0.08212571,-0.4521111,-0.0835786,-0.34378895,0.5734105,-0.061836682,0.24288292,-0.13444364,-0.13499823,-0.121125534,-0.45179147,0.21447907,0.7521916,0.3433843,-0.3453212,0.6981207,0.90117216,0.25470784,0.8043736,-0.51745176,-0.12370972,0.2872896,-0.19538696,-0.23986204,0.03373956,-0.1348443,0.0035407527,0.17081366,0.13223842,-0.89790905,0.05076386,-0.23801747,0.38076815
4,组05,排04,备,2.42137,-2.049334,-0.16607235,1.6179384,-1.1286584,0.5595097,-0.9522698,0.20497487,0.53264016,-0.35571092,-0.2095504,-0.33643398,-0.07396696,1.0818108,0.12418979,0.056651644,0.0062990356,0.08212571,-0.4521111,-0.0835786,-0.34378895,0.5734105,-0.061836682,0.24288292,-0.13444364,-0.13499823,-0.121125534,-0.45179147,0.21447907,0.7521916,0.3433843,-0.3453212,0.6981207,0.90117216,0.25470784,0.8043736,-0.51745176,-0.12370972,0.2872896,-0.19538696,-0.23986204,0.03373956,-0.1348443,0.0035407527,0.17081366,0.13223842,-0.89790905,0.05076386,-0.23801747,0.38076815
4,组05,排04,时,2.42137,-2.049334,-0.16607235,1.6179384,-1.1286584,0.5595097,-0.9522698,0.20497487,0.53264016,-0.35571092,-0.2095504,-0.33643398,-0.07396696,1.0818108,0.12418979,0.056651644,0.0062990356,0.08212571,-0.4521111,-0.0835786,-0.34378895,0.5734105,-0.061836682,0.24288292,-0.13444364,-0.13499823,-0.121125534,-0.45179147,0.21447907,0.7521916,0.3433843,-0.3453212,0.6981207,0.90117216,0.25470784,0.8043736,-0.51745176,-0.12370972,0.2872896,-0.19538696,-0.23986204,0.03373956,-0.1348443,0.0035407527,0.17081366,0.13223842,-0.89790905,0.05076386,-0.23801747,0.38076815
5,组05,排05,备,1.653884,-0.5961954,-0.5858762,-0.2684608,-0.5562525,-0.69156784,-0.4647548,-0.68605644,0.35648957,-0.2702862,-0.26015857,-0.5573786,0.14046161,-0.23488659,-0.2253849,-0.28789815,0.71501386,-0.80982035,-0.6575704,0.1975827,-0.6337467,0.112904124,-0.22971246,-0.44734436,-0.38683403,0.7613365,0.27013054,0.6098301,0.11233402,0.39773968,-0.6266385,0.547447,0.21895623,-0.033200096,0.42398575,0.21642667,-0.14353886,0.16324542,0.7256595,0.19315402,-0.16613783,0.15059982,0.7629989,-0.1979384,0.30641127,0.26177126,0.2470045,-0.16232069,0.43717873,-0.13061905
5,组05,排05,时,1.653884,-0.5961954,-0.5858762,-0.2684608,-0.5562525,-0.69156784,-0.4647548,-0.68605644,0.35648957,-0.2702862,-0.26015857,-0.5573786,0.14046161,-0.23488659,-0.2253849,-0.28789815,0.71501386,-0.80982035,-0.6575704,0.1975827,-0.6337467,0.112904124,-0.22971246,-0.44734436,-0.38683403,0.7613365,0.27013054,0.6098301,0.11233402,0.39773968,-0.6266385,0.547447,0.21895623,-0.033200096,0.42398575,0.21642667,-0.14353886,0.16324542,0.7256595,0.19315402,-0.16613783,0.15059982,0.7629989,-0.1979384,0.30641127,0.26177126,0.2470045,-0.16232069,0.43717873,-0.13061905
5,组05,排05,性,1.653884,-0.5961954,-0.5858762,-0.2684608,-0.5562525,-0.69156784,-0.4647548,-0.68605644,0.35648957,-0.2702862,-0.26015857,-0.5573786,0.14046161,-0.23488659,-0.2253849,-0.28789815,0.71501386,-0.80982035,-0.6575704,0.1975827,-0.6337467,0.112904124,-0.22971246,-0.44734436,-0.38683403,0.7613365,0.27013054,0.6098301,0.11233402,0.39773968,-0.6266385,0.547447,0.21895623,-0.033200096,0.42398575,0.21642667,-0.14353886,0.16324542,0.7256595,0.19315402,-0.16613783,0.15059982,0.7629989,-0.1979384,0.30641127,0.26177126,0.2470045,-0.16232069,0.43717873,-0.13061905
6,组05,排06,备,-1.2717894,-2.9510672,-0.86938417,-0.45411897,-0.9757124,-1.0062641,-0.72824866,-0.44655314,1.3547927,-0.08317868,0.15885682,0.30575463,-1.0908015,-1.2964756,-0.403792,-0.3805458,0.22782303,-0.13919002,-1.8389539,-0.23524576,-0.81982243,-0.11972669,0.3824044,-0.32301316,-0.77174133,0.5720196,0.25100258,-0.3454794,0.62437934,0.6249278,-0.23159271,0.05200395,0.18241043,-0.41516137,-0.59152806,-0.61272675,-0.12689102,0.38069776,-0.039765224,-0.1821668,-0.08773363,-0.014944287,0.030370157,0.039538763,-0.51449853,-0.07446053,0.3649477,0.102290116,-0.27216065,-0.007837176
6,组05,排06,性,-1.2717897,-2.951067,-0.8693841,-0.45411888,-0.97571236,-1.0062641,-0.72824895,-0.44655308,1.3547927,-0.08317865,0.1588566,0.3057544,-1.0908018,-1.2964755,-0.4037918,-0.3805457,0.22782297,-0.1391901,-1.838954,-0.2352458,-0.81982255,-0.11972676,0.38240445,-0.32301325,-0.7717415,0.57201964,0.25100258,-0.3454796,0.62437946,0.62492776,-0.23159276,0.05200401,0.18241034,-0.41516158,-0.5915282,-0.61272675,-0.12689094,0.38069767,-0.03976514,-0.18216681,-0.087733775,-0.014944333,0.030370058,0.039538853,-0.51449865,-0.07446046,0.36494774,0.102290146,-0.2721605,-0.007837176
6,组05,排06,时,-1.2717896,-2.9510672,-0.86938393,-0.45411897,-0.97571224,-1.006264,-0.7282489,-0.44655296,1.354793,-0.08317866,0.15885662,0.30575448,-1.0908021,-1.2964753,-0.40379193,-0.38054577,0.22782294,-0.13919008,-1.8389535,-0.23524581,-0.81982315,-0.11972682,0.38240448,-0.3230133,-0.77174157,0.5720198,0.2510026,-0.3454796,0.6243794,0.62492776,-0.23159279,0.05200398,0.18241036,-0.41516158,-0.5915282,-0.61272675,-0.12689099,0.38069773,-0.039765146,-0.18216683,-0.087733746,-0.014944319,0.030370083,0.039538857,-0.51449865,-0.07446045,0.3649478,0.10229015,-0.27216053,-0.007837183
1,组06,排01,处,1.3811818,-2.0894055,-0.81874174,2.0243857,-1.8306619,0.21026422,-0.4239355,-0.74250025,0.40185046,0.7089578,-0.77557296,0.4234984,0.31571066,0.51662135,-0.98642236,0.9738867,-0.41128764,0.3670793,-0.040880688,0.8767606,0.85142785,-0.2711845,0.47442627,0.4588485,0.6372267,-0.4994098,-0.62470436,-0.3930384,0.17603989,-0.071862034,-0.08999473,0.2634372,0.034890246,-0.18708126,-0.3519136,-0.06358997,0.11641613,-0.23814234,0.0019785997,0.5761894,-0.31374624,0.09894922,-0.15880801,0.89459217,0.039905284,0.10218113,-0.039526664,0.21217361,-0.2790215,-0.5547489
1,组06,排01,爱,1.3811818,-2.0894055,-0.81874174,2.0243857,-1.8306619,0.21026422,-0.4239355,-0.74250025,0.40185046,0.7089578,-0.77557296,0.4234984,0.31571066,0.51662135,-0.98642236,0.9738867,-0.41128764,0.3670793,-0.040880688,0.8767606,0.85142785,-0.2711845,0.47442627,0.4588485,0.6372267,-0.4994098,-0.62470436,-0.3930384,0.17603989,-0.071862034,-0.08999473,0.2634372,0.034890246,-0.18708126,-0.3519136,-0.06358997,0.11641613,-0.23814234,0.0019785997,0.5761894,-0.31374624,0.09894922,-0.15880801,0.89459217,0.039905284,0.10218113,-0.039526664,0.21217361,-0.2790215,-0.5547489
1,组06,排01,坐,1.3811818,-2.0894055,-0.81874174,2.0243857,-1.8306619,0.21026422,-0.4239355,-0.74250025,0.40185046,0.7089578,-0.77557296,0.4234984,0.31571066,0.51662135,-0.98642236,0.9738867,-0.41128764,0.3670793,-0.040880688,0.8767606,0.85142785,-0.2711845,0.47442627,0.4588485,0.6372267,-0.4994098,-0.62470436,-0.3930384,0.17603989,-0.071862034,-0.08999473,0.2634372,0.034890246,-0.18708126,-0.3519136,-0.06358997,0.11641613,-0.23814234,0.0019785997,0.5761894,-0.31374624,0.09894922,-0.15880801,0.89459217,0.039905284,0.10218113,-0.039526664,0.21217361,-0.2790215,-0.5547489
2,组06,排02,处,2.002024,-1.4265624,0.8962968,2.4325008,-1.0031968,0.03405897,-0.33883822,0.20101662,-1.0971469,0.05994846,-1.175169,-0.471931,0.21543796,0.6141666,-0.9530795,-0.09771736,0.13405205,-0.025077889,0.10874751,0.8535429,0.91291595,-0.06656481,-0.7199707,0.45086867,0.2647031,0.23942928,-0.24236442,-0.058337808,-0.7821673,-0.06370518,-0.15566792,0.05016175,0.16181894,0.42713258,-0.32068598,-0.4294917,-0.26964468,0.11879136,-0.2963543,-0.15667833,-0.27562448,-0.2125156,0.3562349,-0.19199622,-0.0055150064,0.111915976,0.7569729,-0.10092438,-0.0049952557,0.008787856
2,组06,排02,坐,2.002024,-1.4265624,0.8962968,2.4325008,-1.0031968,0.03405897,-0.33883822,0.20101662,-1.0971469,0.05994846,-1.175169,-0.471931,0.21543796,0.6141666,-0.9530795,-0.09771736,0.13405205,-0.025077889,0.10874751,0.8535429,0.91291595,-0.06656481,-0.7199707,0.45086867,0.2647031,0.23942928,-0.24236442,-0.058337808,-0.7821673,-0.06370518,-0.15566792,0.05016175,0.16181894,0.42713258,-0.32068598,-0.4294917,-0.26964468,0.11879136,-0.2963543,-0.15667833,-0.27562448,-0.2125156,0.3562349,-0.19199622,-0.0055150064,0.111915976,0.7569729,-0.10092438,-0.0049952557,0.008787856
2,组06,排02,爱,2.002024,-1.4265624,0.8962968,2.4325008,-1.0031968,0.03405897,-0.33883822,0.20101662,-1.0971469,0.05994846,-1.175169,-0.471931,0.21543796,0.6141666,-0.9530795,-0.09771736,0.13405205,-0.025077889,0.10874751,0.8535429,0.91291595,-0.06656481,-0.7199707,0.45086867,0.2647031,0.23942928,-0.24236442,-0.058337808,-0.7821673,-0.06370518,-0.15566792,0.05016175,0.16181894,0.42713258,-0.32068598,-0.4294917,-0.26964468,0.11879136,-0.2963543,-0.15667833,-0.27562448,-0.2125156,0.3562349,-0.19199622,-0.0055150064,0.111915976,0.7569729,-0.10092438,-0.0049952557,0.008787856
3,组06,排03,爱,-0.07828561,-3.077828,-0.17795254,2.0855,-1.7717133,1.2549658,-0.3589601,-1.7822874,-0.5528342,0.29734045,-0.91734403,-0.8213115,0.29578012,-0.18052466,0.07518487,0.47351015,-0.61985147,-0.26341343,-0.31741327,1.0309523,0.27659214,-0.04573658,0.30245194,0.50044805,-0.055919144,-0.17114665,0.11405364,0.14565113,-0.66754276,-0.30966434,-0.38491663,0.020877564,-0.3962247,-0.59553385,-0.33426204,0.34841338,0.31589887,0.23062734,0.32469332,-0.4399424,0.7734802,0.08830911,0.14323954,-0.17198248,0.20388679,-0.4706207,-0.23497668,-0.30919597,-0.0027050741,0.000419605
3,组06,排03,处,-0.07828561,-3.077828,-0.17795254,2.0855,-1.7717133,1.2549658,-0.3589601,-1.7822874,-0.5528342,0.29734045,-0.91734403,-0.8213115,0.29578012,-0.18052466,0.07518487,0.47351015,-0.61985147,-0.26341343,-0.31741327,1.0309523,0.27659214,-0.04573658,0.30245194,0.50044805,-0.055919144,-0.17114665,0.11405364,0.14565113,-0.66754276,-0.30966434,-0.38491663,0.020877564,-0.3962247,-0.59553385,-0.33426204,0.34841338,0.31589887,0.23062734,0.32469332,-0.4399424,0.7734802,0.08830911,0.14323954,-0.17198248,0.20388679,-0.4706207,-0.23497668,-0.30919597,-0.0027050741,0.000419605
3,组06,排03,坐,-0.07828561,-3.077828,-0.17795254,2.0855,-1.7717133,1.2549658,-0.3589601,-1.7822874,-0.5528342,0.29734045,-0.91734403,-0.8213115,0.29578012,-0.18052466,0.07518487,0.47351015,-0.61985147,-0.26341343,-0.31741327,1.0309523,0.27659214,-0.04573658,0.30245194,0.50044805,-0.055919144,-0.17114665,0.11405364,0.14565113,-0.66754276,-0.30966434,-0.38491663,0.020877564,-0.3962247,-0.59553385,-0.33426204,0.34841338,0.31589887,0.23062734,0.32469332,-0.4399424,0.7734802,0.08830911,0.14323954,-0.17198248,0.20388679,-0.4706207,-0.23497668,-0.30919597,-0.0027050741,0.000419605
4,组06,排04,爱,2.030686,-2.004415,0.3967432,2.7894785,-0.9782668,0.5645189,-0.7974203,0.12484414,-0.92217493,0.03757364,-1.1074774,-0.38348028,0.3695046,0.8411139,-0.9193069,0.015187029,-0.06501638,0.22127627,0.13900538,1.0199014,0.5940805,0.08825469,-0.7090823,0.7186653,0.4181092,0.20105438,-0.13189843,-0.17791973,-0.8762154,0.03133853,-0.22180972,-0.15608,0.3147158,0.63781714,-0.4824868,-0.064360656,-0.42943573,0.046595935,-0.30960515,-0.27682537,0.020881344,-0.31510413,0.33680567,-0.35642764,0.03142633,-0.061296612,0.66297585,-0.037336003,-0.2790886,-0.11705452
4,组06,排04,坐,2.030686,-2.004415,0.3967432,2.7894785,-0.9782668,0.5645189,-0.7974203,0.12484414,-0.92217493,0.03757364,-1.1074774,-0.38348028,0.3695046,0.8411139,-0.9193069,0.015187029,-0.06501638,0.22127627,0.13900538,1.0199014,0.5940805,0.08825469,-0.7090823,0.7186653,0.4181092,0.20105438,-0.13189843,-0.17791973,-0.8762154,0.03133853,-0.22180972,-0.15608,0.3147158,0.63781714,-0.4824868,-0.064360656,-0.42943573,0.046595935,-0.30960515,-0.27682537,0.020881344,-0.31510413,0.33680567,-0.35642764,0.03142633,-0.061296612,0.66297585,-0.037336003,-0.2790886,-0.11705452
4,组06,排04,处,2.030686,-2.004415,0.3967432,2.7894785,-0.9782668,0.5645189,-0.7974203,0.12484414,-0.92217493,0.03757364,-1.1074774,-0.38348028,0.3695046,0.8411139,-0.9193069,0.015187029,-0.06501638,0.22127627,0.13900538,1.0199014,0.5940805,0.08825469,-0.7090823,0.7186653,0.4181092,0.20105438,-0.13189843,-0.17791973,-0.8762154,0.03133853,-0.22180972,-0.15608,0.3147158,0.63781714,-0.4824868,-0.064360656,-0.42943573,0.046595935,-0.30960515,-0.27682537,0.020881344,-0.31510413,0.33680567,-0.35642764,0.03142633,-0.061296612,0.66297585,-0.037336003,-0.2790886,-0.11705452
5,组06,排05,坐,-0.1084354,-2.8195293,-0.08825858,1.4589969,-1.5420568,-0.35051367,-0.51185876,-1.9448004,-0.26521415,0.8838252,-0.89442635,-0.97180843,-0.19040571,-0.9282087,0.5526322,0.24175,0.36012682,-1.1677952,-0.16492715,0.81104684,0.77401346,-0.22392386,0.63841957,0.101882376,0.038440313,-0.55141014,0.41904235,0.49119368,-0.75765324,-0.2395952,-0.16119766,0.30573487,-0.5225569,-0.52429247,-0.04895735,-0.15805575,0.7512228,0.31429747,0.35791612,-0.38063848,0.32475004,0.30294734,-0.018503703,-0.43116793,-0.014725327,-0.44245258,-0.3618047,-0.34511566,0.25528568,0.27330488
5,组06,排05,处,-0.1084354,-2.8195293,-0.08825858,1.4589969,-1.5420568,-0.35051367,-0.51185876,-1.9448004,-0.26521415,0.8838252,-0.89442635,-0.97180843,-0.19040571,-0.9282087,0.5526322,0.24175,0.36012682,-1.1677952,-0.16492715,0.81104684,0.77401346,-0.22392386,0.63841957,0.101882376,0.038440313,-0.55141014,0.41904235,0.49119368,-0.75765324,-0.2395952,-0.16119766,0.30573487,-0.5225569,-0.52429247,-0.04895735,-0.15805575,0.7512228,0.31429747,0.35791612,-0.38063848,0.32475004,0.30294734,-0.018503703,-0.43116793,-0.014725327,-0.44245258,-0.3618047,-0.34511566,0.25528568,0.27330488
5,组06,排05,爱,-0.1084354,-2.8195293,-0.08825858,1.4589969,-1.5420568,-0.35051367,-0.51185876,-1.9448004,-0.26521415,0.8838252,-0.89442635,-0.97180843,-0.19040571,-0.9282087,0.5526322,0.24175,0.36012682,-1.1677952,-0.16492715,0.81104684,0.77401346,-0.22392386,0.63841957,0.101882376,0.038440313,-0.55141014,0.41904235,0.49119368,-0.75765324,-0.2395952,-0.16119766,0.30573487,-0.5225569,-0.52429247,-0.04895735,-0.15805575,0.7512228,0.31429747,0.35791612,-0.38063848,0.32475004,0.30294734,-0.018503703,-0.43116793,-0.014725327,-0.44245258,-0.3618047,-0.34511566,0.25528568,0.27330488
6,组06,排06,坐,1.4881787,-2.2185106,-1.0712492,1.6802963,-1.6464555,-0.8718526,-0.5934964,-0.5697852,0.5351881,1.2898388,-0.8031011,0.48834652,0.28748012,0.18617529,-0.45843318,0.8340577,0.031893656,-0.049236733,0.2285025,0.7672488,1.0463623,-0.2311677,0.60787493,0.07072234,0.53898,-0.6738761,-0.3235841,-0.16458836,0.034729056,0.12689988,-0.21250178,0.26667672,0.1775289,0.062875666,-0.20045821,-0.25040728,0.20062765,-0.06260898,-0.0012948334,0.59382415,-0.32300124,0.063075,-0.3232337,0.3649803,-0.007655669,0.20430727,-0.014458014,0.38221905,-0.25865927,-0.24578375
6,组06,排06,爱,1.4881792,-2.2185109,-1.071249,1.6802962,-1.6464554,-0.8718527,-0.59349626,-0.56978536,0.53518814,1.2898388,-0.8031012,0.48834658,0.28748018,0.18617526,-0.45843312,0.8340579,0.031893544,-0.04923679,0.22850242,0.7672486,1.0463626,-0.23116773,0.6078753,0.07072233,0.5389802,-0.6738764,-0.32358408,-0.16458827,0.034729023,0.12690005,-0.21250169,0.26667666,0.17752883,0.062875755,-0.20045826,-0.2504074,0.2006277,-0.062608816,-0.0012947466,0.593824,-0.32300112,0.0630749,-0.32323363,0.3649803,-0.007655688,0.2043074,-0.014458024,0.38221908,-0.25865936,-0.24578369
6,组06,排06,处,1.4881792,-2.2185109,-1.071249,1.6802962,-1.6464554,-0.8718527,-0.59349626,-0.56978536,0.53518814,1.2898388,-0.8031012,0.48834658,0.28748018,0.18617526,-0.45843312,0.8340579,0.031893544,-0.04923679,0.22850242,0.7672486,1.0463626,-0.23116773,0.6078753,0.07072233,0.5389802,-0.6738764,-0.32358408,-0.16458827,0.034729023,0.12690005,-0.21250169,0.26667666,0.17752883,0.062875755,-0.20045826,-0.2504074,0.2006277,-0.062608816,-0.0012947466,0.593824,-0.32300112,0.0630749,-0.32323363,0.3649803,-0.007655688,0.2043074,-0.014458024,0.38221908,-0.25865936,-0.24578369
1,组07,排01,期,2.611727,0.17627296,0.78111136,-0.66666174,-0.4557676,0.48373348,0.64134973,1.5099914,0.84744835,0.09260641,-0.5938055,-1.0287628,-0.22101016,-1.7663317,0.5209495,0.067159526,0.25768647,-0.44100493,0.17888966,-0.08787445,0.16518298,-0.003218231,0.0325156,-0.7961002,0.2446776,0.00526052,-1.0161629,0.64725125,-0.5834979,-0.81139416,0.08681139,-0.05656754,-0.16771454,-0.21384318,0.4930675,0.09966489,-0.08975277,0.5697338,0.32890308,0.17599578,-0.83312345,0.08136042,-0.6890449,-0.054633453,-0.2848052,0.0410248,0.0027930415,-0.23252162,-0.023545701,0.21741752
1,组07,排01,应,2.611727,0.17627296,0.78111136,-0.66666174,-0.4557676,0.48373348,0.64134973,1.5099914,0.84744835,0.09260641,-0.5938055,-1.0287628,-0.22101016,-1.7663317,0.5209495,0.067159526,0.25768647,-0.44100493,0.17888966,-0.08787445,0.16518298,-0.003218231,0.0325156,-0.7961002,0.2446776,0.00526052,-1.0161629,0.64725125,-0.5834979,-0.81139416,0.08681139,-0.05656754,-0.16771454,-0.21384318,0.4930675,0.09966489,-0.08975277,0.5697338,0.32890308,0.17599578,-0.83312345,0.08136042,-0.6890449,-0.054633453,-0.2848052,0.0410248,0.0027930415,-0.23252162,-0.023545701,0.21741752
1,组07,排01,表,2.611727,0.17627296,0.78111136,-0.66666174,-0.4557676,0.48373348,0.64134973,1.5099914,0.84744835,0.09260641,-0.5938055,-1.0287628,-0.22101016,-1.7663317,0.5209495,0.067159526,0.25768647,-0.44100493,0.17888966,-0.08787445,0.16518298,-0.003218231,0.0325156,-0.7961002,0.2446776,0.00526052,-1.0161629,0.64725125,-0.5834979,-0.81139416,0.08681139,-0.05656754,-0.16771454,-0.21384318,0.4930675,0.09966489,-0.08975277,0.5697338,0.32890308,0.17599578,-0.83312345,0.08136042,-0.6890449,-0.054633453,-0.2848052,0.0410248,0.0027930415,-0.23252162,-0.023545701,0.21741752
2,组07,排02,期,0.83247066,0.36928743,1.8099363,-0.3844083,-0.52815485,-0.7282023,0.73761714,0.52772874,0.28977716,1.8359326,-0.517773,1.6746353,-0.22587763,-0.26711679,0.16733484,0.62980276,0.29328656,0.952223,0.795215,0.4677099,-0.19418418,0.6215875,0.55227697,-0.719579,-0.05826879,-0.33184978,-0.3135648,-0.12448974,0.5911744,0.06940473,-0.44603845,-0.67172414,-0.5372872,-0.19544865,0.06664092,0.33991954,-0.35151032,-0.25525922,0.32404134,-0.27020144,-0.2032829,0.52465135,0.18726723,-0.48827723,0.326771,0.6336226,0.23343815,-0.660522,-0.21789235,-0.20916599
2,组07,排02,表,0.83247066,0.36928743,1.8099363,-0.3844083,-0.52815485,-0.7282023,0.73761714,0.52772874,0.28977716,1.8359326,-0.517773,1.6746353,-0.22587763,-0.26711679,0.16733484,0.62980276,0.29328656,0.952223,0.795215,0.4677099,-0.19418418,0.6215875,0.55227697,-0.719579,-0.05826879,-0.33184978,-0.3135648,-0.12448974,0.5911744,0.06940473,-0.44603845,-0.67172414,-0.5372872,-0.19544865,0.06664092,0.33991954,-0.35151032,-0.25525922,0.32404134,-0.27020144,-0.2032829,0.52465135,0.18726723,-0.48827723,0.326771,0.6336226,0.23343815,-0.660522,-0.21789235,-0.20916599
2,组07,排02,应,0.83247066,0.36928743,1.8099363,-0.3844083,-0.52815485,-0.7282023,0.73761714,0.52772874,0.28977716,1.8359326,-0.517773,1.6746353,-0.22587763,-0.26711679,0.16733484,0.62980276,0.29328656,0.952223,0.795215,0.4677099,-0.19418418,0.6215875,0.55227697,-0.719579,-0.05826879,-0.33184978,-0.3135648,-0.12448974,0.5911744,0.06940473,-0.44603845,-0.67172414,-0.5372872,-0.19544865,0.06664092,0.33991954,-0.35151032,-0.25525922,0.32404134,-0.27020144,-0.2032829,0.52465135,0.18726723,-0.48827723,0.326771,0.6336226,0.23343815,-0.660522,-0.21789235,-0.20916599
3,组07,排03,应,-1.7009382,-1.9961694,3.6726985,1.5940961,-0.22551154,-0.7010544,0.62821,1.9964225,-0.32639533,-1.2253513,-1.0966522,0.23003855,0.6743388,-0.32857928,0.1829069,-0.89923203,0.117055394,-0.45944038,-0.18630405,-1.2164494,-0.9460306,2.0250664,-0.16892844,-0.18531494,1.1044012,-0.87979007,0.30373007,-0.12680353,-0.16094054,-0.86002135,0.041779835,0.11956665,0.5667262,-0.45081753,-0.044182777,-0.26537725,0.043044135,0.083023384,0.017185906,0.094831176,0.11498473,0.043489616,0.090685226,0.17801782,-0.018231228,0.12072152,0.13673997,0.051458754,0.025059048,0.022736767
3,组07,排03,期,-1.7009382,-1.9961694,3.6726985,1.5940961,-0.22551154,-0.7010544,0.62821,1.9964225,-0.32639533,-1.2253513,-1.0966522,0.23003855,0.6743388,-0.32857928,0.1829069,-0.89923203,0.117055394,-0.45944038,-0.18630405,-1.2164494,-0.9460306,2.0250664,-0.16892844,-0.18531494,1.1044012,-0.87979007,0.30373007,-0.12680353,-0.16094054,-0.86002135,0.041779835,0.11956665,0.5667262,-0.45081753,-0.044182777,-0.26537725,0.043044135,0.083023384,0.017185906,0.094831176,0.11498473,0.043489616,0.090685226,0.17801782,-0.018231228,0.12072152,0.13673997,0.051458754,0.025059048,0.022736767
3,组07,排03,表,-1.7009382,-1.9961694,3.6726985,1.5940961,-0.22551154,-0.7010544,0.62821,1.9964225,-0.32639533,-1.2253513,-1.0966522,0.23003855,0.6743388,-0.32857928,0.1829069,-0.89923203,0.117055394,-0.45944038,-0.18630405,-1.2164494,-0.9460306,2.0250664,-0.16892844,-0.18531494,1.1044012,-0.87979007,0.30373007,-0.12680353,-0.16094054,-0.86002135,0.041779835,0.11956665,0.5667262,-0.45081753,-0.044182777,-0.26537725,0.043044135,0.083023384,0.017185906,0.094831176,0.11498473,0.043489616,0.090685226,0.17801782,-0.018231228,0.12072152,0.13673997,0.051458754,0.025059048,0.022736767
4,组07,排04,应,1.0179696,-0.4449689,1.5433998,0.39490843,-0.49984527,-0.124326654,0.66647995,0.6260825,0.16353498,1.7714502,-0.46421596,1.7444854,-0.10710863,-0.04207652,-0.091505155,0.6029912,-0.2439039,1.1700233,0.6182698,0.22849223,-0.13100918,0.68247163,0.14470327,-0.9589706,-0.04291201,-0.44863334,-0.4507272,-0.26806903,0.44295532,0.21396886,-0.42190412,-0.81437755,-0.5445691,-0.32883722,0.08505955,0.22902666,-0.10121515,-0.08317878,0.4203023,0.0011868833,-0.16004413,0.540567,-0.07776684,-0.37898976,0.40614298,0.723883,0.003028595,-0.46903026,-0.03980417,-0.14875196
4,组07,排04,表,1.0179696,-0.4449689,1.5433998,0.39490843,-0.49984527,-0.124326654,0.66647995,0.6260825,0.16353498,1.7714502,-0.46421596,1.7444854,-0.10710863,-0.04207652,-0.091505155,0.6029912,-0.2439039,1.1700233,0.6182698,0.22849223,-0.13100918,0.68247163,0.14470327,-0.9589706,-0.04291201,-0.44863334,-0.4507272,-0.26806903,0.44295532,0.21396886,-0.42190412,-0.81437755,-0.5445691,-0.32883722,0.08505955,0.22902666,-0.10121515,-0.08317878,0.4203023,0.0011868833,-0.16004413,0.540567,-0.07776684,-0.37898976,0.40614298,0.723883,0.003028595,-0.46903026,-0.03980417,-0.14875196
4,组07,排04,期,1.0179696,-0.4449689,1.5433998,0.39490843,-0.49984527,-0.124326654,0.66647995,0.6260825,0.16353498,1.7714502,-0.46421596,1.7444854,-0.10710863,-0.04207652,-0.091505155,0.6029912,-0.2439039,1.1700233,0.6182698,0.22849223,-0.13100918,0.68247163,0.14470327,-0.9589706,-0.04291201,-0.44863334,-0.4507272,-0.26806903,0.44295532,0.21396886,-0.42190412,-0.81437755,-0.5445691,-0.32883722,0.08505955,0.22902666,-0.10121515,-0.08317878,0.4203023,0.0011868833,-0.16004413,0.540567,-0.07776684,-0.37898976,0.40614298,0.723883,0.003028595,-0.46903026,-0.03980417,-0.14875196
5,组07,排05,表,-1.4214487,-2.8638325,3.2573519,1.857015,0.03584857,0.12964094,1.0165619,1.7939742,-0.2509497,-1.0784682,-0.99777174,0.4920804,0.7337186,0.19691862,0.1295907,-0.656149,0.03897128,-0.513043,-0.50354314,-0.9008038,-0.9289725,1.7850131,-0.08182471,0.093160175,0.9188617,-0.57704914,0.4346744,-0.22019319,0.29680118,-0.93399864,-0.053546865,0.42070374,0.24758357,-0.30867693,-0.22542416,-0.060931757,-0.3445595,-0.3111147,0.12049194,0.09894115,0.3930739,-0.10902321,0.6482607,0.38191533,-0.025134264,-0.1582593,-0.049780704,0.17249969,-0.08899613,-0.06503981
5,组07,排05,期,-1.4214487,-2.8638325,3.2573519,1.857015,0.03584857,0.12964094,1.0165619,1.7939742,-0.2509497,-1.0784682,-0.99777174,0.4920804,0.7337186,0.19691862,0.1295907,-0.656149,0.03897128,-0.513043,-0.50354314,-0.9008038,-0.9289725,1.7850131,-0.08182471,0.093160175,0.9188617,-0.57704914,0.4346744,-0.22019319,0.29680118,-0.93399864,-0.053546865,0.42070374,0.24758357,-0.30867693,-0.22542416,-0.060931757,-0.3445595,-0.3111147,0.12049194,0.09894115,0.3930739,-0.10902321,0.6482607,0.38191533,-0.025134264,-0.1582593,-0.049780704,0.17249969,-0.08899613,-0.06503981
5,组07,排05,应,-1.4214487,-2.8638325,3.2573519,1.857015,0.03584857,0.12964094,1.0165619,1.7939742,-0.2509497,-1.0784682,-0.99777174,0.4920804,0.7337186,0.19691862,0.1295907,-0.656149,0.03897128,-0.513043,-0.50354314,-0.9008038,-0.9289725,1.7850131,-0.08182471,0.093160175,0.9188617,-0.57704914,0.4346744,-0.22019319,0.29680118,-0.93399864,-0.053546865,0.42070374,0.24758357,-0.30867693,-0.22542416,-0.060931757,-0.3445595,-0.3111147,0.12049194,0.09894115,0.3930739,-0.10902321,0.6482607,0.38191533,-0.025134264,-0.1582593,-0.049780704,0.17249969,-0.08899613,-0.06503981
6,组07,排06,表,2.7097032,-0.7694678,0.54871625,0.061235182,-0.5213917,1.8215207,0.98572445,1.6556071,0.7741169,0.17338476,-0.40164077,-0.7039229,-0.17192712,-1.1021466,0.086862236,0.31352398,-0.13413951,-0.10056924,0.0607726,0.041304506,0.21936426,-0.11095131,-0.33424738,-0.840406,0.16000812,0.16753757,-0.81317264,0.26252955,-0.3351116,-0.766851,-0.11985354,0.20406917,-0.4001291,-0.27586833,0.33981118,0.16636506,-0.4252967,0.44778702,0.35746816,0.05157446,-0.34835148,-0.16167502,-0.38921168,0.13404787,-0.42281234,-0.24797373,-0.15501004,0.055013943,-0.087291546,0.22505258
6,组07,排06,应,2.709703,-0.76946795,0.54871696,0.06123506,-0.52139145,1.821521,0.9857244,1.6556071,0.77411693,0.17338456,-0.40164095,-0.70392287,-0.17192703,-1.1021465,0.08686215,0.31352392,-0.1341395,-0.10056921,0.060772706,0.041304577,0.2193644,-0.11095127,-0.33424744,-0.840406,0.16000845,0.16753745,-0.8131727,0.26252952,-0.33511153,-0.76685095,-0.119853415,0.2040691,-0.4001291,-0.2758683,0.3398111,0.16636509,-0.4252968,0.44778702,0.35746804,0.051574502,-0.3483515,-0.16167504,-0.3892116,0.13404788,-0.4228124,-0.2479737,-0.15501001,0.055013914,-0.087291546,0.22505261
6,组07,排06,期,2.709703,-0.76946795,0.54871696,0.06123506,-0.52139145,1.821521,0.9857244,1.6556071,0.77411693,0.17338456,-0.40164095,-0.70392287,-0.17192703,-1.1021465,0.08686215,0.31352392,-0.1341395,-0.10056921,0.060772706,0.041304577,0.2193644,-0.11095127,-0.33424744,-0.840406,0.16000845,0.16753745,-0.8131727,0.26252952,-0.33511153,-0.76685095,-0.119853415,0.2040691,-0.4001291,-0.2758683,0.3398111,0.16636509,-0.4252968,0.44778702,0.35746804,0.051574502,-0.3483515,-0.16167504,-0.3892116,0.13404788,-0.4228124,-0.2479737,-0.15501001,0.055013914,-0.087291546,0.22505261
1,组08,排01,者,0.73412555,0.74994004,1.1123953,-0.31174934,0.77705044,-0.6721978,0.11773443,-0.6380314,0.27528247,0.55352527,0.06230636,0.57483965,0.6333358,0.16219655,-0.5547765,0.23478551,-0.12918894,0.65834117,0.35108817,0.54593396,-0.4799584,-0.22348106,0.3368785,-0.24654357,-0.3328301,0.20879458,-0.50289035,-0.49643528,-0.14432873,-0.4248476,-0.35020122,-0.77865446,0.49969155,-0.21447177,0.37578008,-0.96373373,-0.36426866,0.06910003,0.003067805,0.32662004,0.13175294,0.7008455,0.10790174,0.07012812,-0.65713763,-0.37934986,-0.2496385,0.3811622,0.236101,-0.043315522
1,组08,排01,年,0.73412555,0.74994004,1.1123953,-0.31174934,0.77705044,-0.6721978,0.11773443,-0.6380314,0.27528247,0.55352527,0.06230636,0.57483965,0.6333358,0.16219655,-0.5547765,0.23478551,-0.12918894,0.65834117,0.35108817,0.54593396,-0.4799584,-0.22348106,0.3368785,-0.24654357,-0.3328301,0.20879458,-0.50289035,-0.49643528,-0.14432873,-0.4248476,-0.35020122,-0.77865446,0.49969155,-0.21447177,0.37578008,-0.96373373,-0.36426866,0.06910003,0.003067805,0.32662004,0.13175294,0.7008455,0.10790174,0.07012812,-0.65713763,-0.37934986,-0.2496385,0.3811622,0.236101,-0.043315522
1,组08,排01,候,0.73412555,0.74994004,1.1123953,-0.31174934,0.77705044,-0.6721978,0.11773443,-0.6380314,0.27528247,0.55352527,0.06230636,0.57483965,0.6333358,0.16219655,-0.5547765,0.23478551,-0.12918894,0.65834117,0.35108817,0.54593396,-0.4799584,-0.22348106,0.3368785,-0.24654357,-0.3328301,0.20879458,-0.50289035,-0.49643528,-0.14432873,-0.4248476,-0.35020122,-0.77865446,0.49969155,-0.21447177,0.37578008,-0.96373373,-0.36426866,0.06910003,0.003067805,0.32662004,0.13175294,0.7008455,0.10790174,0.07012812,-0.65713763,-0.37934986,-0.2496385,0.3811622,0.236101,-0.043315522
2,组08,排02,者,2.2232769,0.57839847,0.7177894,-1.2946229,1.0341268,-0.17520115,0.12125552,-0.3794438,-0.056055818,0.4269075,-0.23606704,-1.9937806,0.680283,-0.2098657,0.4341618,-0.6395413,0.39475808,-1.0487764,0.48203355,0.8584144,-0.5038709,0.40678287,-0.16802374,-0.6879878,-0.32239592,-0.03571194,-0.2903411,-0.2247547,-0.31036022,-0.18572548,0.0903189,-0.64027566,0.00096317695,-0.04363604,-0.17643586,-0.5273945,0.09434659,-0.606722,-0.17224598,0.4067277,-0.1547321,0.11033442,-0.18261918,0.19245087,0.047685295,-0.5111846,0.10572863,0.44459727,0.035599068,-0.10494095
2,组08,排02,候,2.2232769,0.57839847,0.7177894,-1.2946229,1.0341268,-0.17520115,0.12125552,-0.3794438,-0.056055818,0.4269075,-0.23606704,-1.9937806,0.680283,-0.2098657,0.4341618,-0.6395413,0.39475808,-1.0487764,0.48203355,0.8584144,-0.5038709,0.40678287,-0.16802374,-0.6879878,-0.32239592,-0.03571194,-0.2903411,-0.2247547,-0.31036022,-0.18572548,0.0903189,-0.64027566,0.00096317695,-0.04363604,-0.17643586,-0.5273945,0.09434659,-0.606722,-0.17224598,0.4067277,-0.1547321,0.11033442,-0.18261918,0.19245087,0.047685295,-0.5111846,0.10572863,0.44459727,0.035599068,-0.10494095
2,组08,排02,年,2.2232769,0.57839847,0.7177894,-1.2946229,1.0341268,-0.17520115,0.12125552,-0.3794438,-0.056055818,0.4269075,-0.23606704,-1.9937806,0.680283,-0.2098657,0.4341618,-0.6395413,0.39475808,-1.0487764,0.48203355,0.8584144,-0.5038709,0.40678287,-0.16802374,-0.6879878,-0.32239592,-0.03571194,-0.2903411,-0.2247547,-0.31036022,-0.18572548,0.0903189,-0.64027566,0.00096317695,-0.04363604,-0.17643586,-0.5273945,0.09434659,-0.606722,-0.17224598,0.4067277,-0.1547321,0.11033442,-0.18261918,0.19245087,0.047685295,-0.5111846,0.10572863,0.44459727,0.035599068,-0.10494095
3,组08,排03,年,-1.493391,-0.7288422,1.5046415,-0.3479572,1.1303687,1.826677,1.722291,-2.8043063,-1.2198963,0.62991136,0.1646973,-1.3798975,0.15123214,0.2314078,0.46419108,1.1609002,-0.100731425,0.88571656,0.074047655,-0.24095774,-1.1647127,0.69540787,-0.1287027,0.1242504,0.75381523,1.5141668,-0.78766394,-0.58777094,0.09100917,0.21291038,0.6084524,0.46352464,-0.052370228,0.3490159,-0.094999544,0.014169682,0.29711843,0.10701475,-0.11591973,-0.45490465,0.15781245,0.3278378,-0.24834539,-0.1931648,-0.09698203,0.26453277,-0.0549524,-0.13663618,-0.006636756,-0.18550959
3,组08,排03,者,-1.493391,-0.7288422,1.5046415,-0.3479572,1.1303687,1.826677,1.722291,-2.8043063,-1.2198963,0.62991136,0.1646973,-1.3798975,0.15123214,0.2314078,0.46419108,1.1609002,-0.100731425,0.88571656,0.074047655,-0.24095774,-1.1647127,0.69540787,-0.1287027,0.1242504,0.75381523,1.5141668,-0.78766394,-0.58777094,0.09100917,0.21291038,0.6084524,0.46352464,-0.052370228,0.3490159,-0.094999544,0.014169682,0.29711843,0.10701475,-0.11591973,-0.45490465,0.15781245,0.3278378,-0.24834539,-0.1931648,-0.09698203,0.26453277,-0.0549524,-0.13663618,-0.006636756,-0.18550959
3,组08,排03,候,-1.493391,-0.72884214,1.5046414,-0.34795716,1.1303686,1.8266767,1.7222909,-2.8043053,-1.2198964,0.6299113,0.16469724,-1.3798974,0.15123215,0.23140796,0.46419108,1.1609006,-0.10073141,0.88571656,0.07404773,-0.24095774,-1.1647127,0.69540757,-0.12870276,0.12425037,0.7538151,1.5141671,-0.787664,-0.58777124,0.091009215,0.21291037,0.60845244,0.46352464,-0.052370217,0.34901586,-0.094999515,0.014169695,0.2971184,0.10701472,-0.11591972,-0.45490453,0.15781243,0.32783774,-0.24834536,-0.19316474,-0.09698204,0.26453274,-0.05495241,-0.13663618,-0.0066367583,-0.18550956
4,组08,排04,年,2.6017394,0.31375855,1.4407165,0.5231398,1.0556439,1.4818436,0.2513176,-0.15883388,-0.11629401,-0.4856508,-0.27941093,-1.5869638,0.84370613,0.30363134,0.2621849,-0.19185796,-0.61954606,-0.3555624,0.03254686,0.35035598,-1.1065468,0.08797406,-0.2584765,-0.49908185,-0.35281417,0.7505806,-0.76297385,-0.029492028,-0.29152223,-0.07077752,-0.33071405,-0.9289007,-0.043652147,0.10285046,0.07933244,-0.069969624,0.27955037,0.0320126,-0.5067705,0.08447996,0.18377914,0.25344217,-0.12433423,-0.16731738,0.09331592,-0.56724423,-0.0059916154,-0.123017445,-0.4396563,0.01404589
4,组08,排04,候,2.6017394,0.31375855,1.4407165,0.5231398,1.0556439,1.4818436,0.2513176,-0.15883388,-0.11629401,-0.4856508,-0.27941093,-1.5869638,0.84370613,0.30363134,0.2621849,-0.19185796,-0.61954606,-0.3555624,0.03254686,0.35035598,-1.1065468,0.08797406,-0.2584765,-0.49908185,-0.35281417,0.7505806,-0.76297385,-0.029492028,-0.29152223,-0.07077752,-0.33071405,-0.9289007,-0.043652147,0.10285046,0.07933244,-0.069969624,0.27955037,0.0320126,-0.5067705,0.08447996,0.18377914,0.25344217,-0.12433423,-0.16731738,0.09331592,-0.56724423,-0.0059916154,-0.123017445,-0.4396563,0.01404589
4,组08,排04,者,2.6017394,0.31375855,1.4407165,0.5231398,1.0556439,1.4818436,0.2513176,-0.15883388,-0.11629401,-0.4856508,-0.27941093,-1.5869638,0.84370613,0.30363134,0.2621849,-0.19185796,-0.61954606,-0.3555624,0.03254686,0.35035598,-1.1065468,0.08797406,-0.2584765,-0.49908185,-0.35281417,0.7505806,-0.76297385,-0.029492028,-0.29152223,-0.07077752,-0.33071405,-0.9289007,-0.043652147,0.10285046,0.07933244,-0.069969624,0.27955037,0.0320126,-0.5067705,0.08447996,0.18377914,0.25344217,-0.12433423,-0.16731738,0.09331592,-0.56724423,-0.0059916154,-0.123017445,-0.4396563,0.01404589
5,组08,排05,候,-1.6346885,-0.56463426,0.7085043,-1.6606596,0.93222785,0.743294,1.9360551,-2.8334172,-1.4343461,1.2706915,0.24760477,-1.5406373,0.025215205,0.1018457,0.6784997,0.8199991,0.98827714,0.19848649,0.59935564,0.39033338,-0.4840381,1.1141902,0.18759826,-0.059966177,0.32667968,0.8842632,-0.08955582,-0.7112607,0.060722426,0.03219176,0.9191493,1.2537518,0.0051705996,0.3972318,-0.3541743,-0.18081722,0.0773298,-0.33588523,0.44210884,-0.22251011,-0.2466157,0.31465435,-0.19719344,0.26090536,-0.07203258,0.33197078,0.1883647,0.12103472,0.38603276,-0.13231914
5,组08,排05,者,-1.6346885,-0.56463426,0.7085043,-1.6606596,0.93222785,0.743294,1.9360551,-2.8334172,-1.4343461,1.2706915,0.24760477,-1.5406373,0.025215205,0.1018457,0.6784997,0.8199991,0.98827714,0.19848649,0.59935564,0.39033338,-0.4840381,1.1141902,0.18759826,-0.059966177,0.32667968,0.8842632,-0.08955582,-0.7112607,0.060722426,0.03219176,0.9191493,1.2537518,0.0051705996,0.3972318,-0.3541743,-0.18081722,0.0773298,-0.33588523,0.44210884,-0.22251011,-0.2466157,0.31465435,-0.19719344,0.26090536,-0.07203258,0.33197078,0.1883647,0.12103472,0.38603276,-0.13231914
5,组08,排05,年,-1.6346885,-0.56463426,0.7085043,-1.6606596,0.93222785,0.743294,1.9360551,-2.8334172,-1.4343461,1.2706915,0.24760477,-1.5406373,0.025215205,0.1018457,0.6784997,0.8199991,0.98827714,0.19848649,0.59935564,0.39033338,-0.4840381,1.1141902,0.18759826,-0.059966177,0.32667968,0.8842632,-0.08955582,-0.7112607,0.060722426,0.03219176,0.9191493,1.2537518,0.0051705996,0.3972318,-0.3541743,-0.18081722,0.0773298,-0.33588523,0.44210884,-0.22251011,-0.2466157,0.31465435,-0.19719344,0.26090536,-0.07203258,0.33197078,0.1883647,0.12103472,0.38603276,-0.13231914
6,组08,排06,候,0.5261445,1.1977695,1.3393128,-0.36401442,0.77643144,-0.03127747,0.16420135,-0.7967567,0.000738713,0.103948966,0.036643416,0.5673589,0.61816,0.45708305,-0.888654,0.28822154,-0.28095168,0.5888593,0.3579762,0.5330046,-0.4424696,-0.31655598,0.33517697,-0.14553556,-0.6980534,0.48733118,-0.33511627,-0.595872,-0.03635657,-0.4572405,-0.40282997,-0.49505922,0.34454313,-0.22102152,0.32446036,-0.7616496,-0.53585297,0.028775902,0.019645134,0.19974774,0.25266984,0.58016354,0.38068852,0.16630758,-0.68475544,-0.3092883,-0.030300321,0.2531859,0.0294148,0.013220786
6,组08,排06,年,0.52614474,1.1977699,1.3393129,-0.36401471,0.7764317,-0.031277593,0.16420135,-0.7967567,0.000738799,0.103949115,0.03664353,0.5673589,0.6181597,0.457083,-0.88865376,0.28822163,-0.28095168,0.58885914,0.35797608,0.5330045,-0.44246954,-0.31655622,0.33517691,-0.14553568,-0.6980533,0.48733118,-0.33511624,-0.5958719,-0.036356356,-0.45724043,-0.4028299,-0.4950591,0.34454313,-0.22102134,0.32446027,-0.76164937,-0.535853,0.028775975,0.019645028,0.19974782,0.25267008,0.5801634,0.3806885,0.16630758,-0.68475556,-0.30928832,-0.030300278,0.25318578,0.0294148,0.013220752
6,组08,排06,者,0.52614474,1.1977699,1.3393129,-0.36401471,0.7764317,-0.031277593,0.16420135,-0.7967567,0.000738799,0.103949115,0.03664353,0.5673589,0.6181597,0.457083,-0.88865376,0.28822163,-0.28095168,0.58885914,0.35797608,0.5330045,-0.44246954,-0.31655622,0.33517691,-0.14553568,-0.6980533,0.48733118,-0.33511624,-0.5958719,-0.036356356,-0.45724043,-0.4028299,-0.4950591,0.34454313,-0.22102134,0.32446027,-0.76164937,-0.535853,0.028775975,0.019645028,0.19974782,0.25267008,0.5801634,0.3806885,0.16630758,-0.68475556,-0.30928832,-0.030300278,0.25318578,0.0294148,0.013220752
1,组09,排01,海,-1.0058763,-0.41407257,-1.5517982,-0.9134641,0.6800821,-0.8021944,0.55399805,-0.28592598,0.73822635,-1.2844281,0.27192226,0.9553792,1.1406069,-1.0008422,-0.9741423,0.31834185,1.213063,-0.16565438,0.47598985,0.516855,-0.2457796,-0.9488773,-1.1188699,-0.14520362,0.9548215,-0.005537048,-0.47435066,0.124854796,0.072476,-0.4499065,-0.14183716,0.49850127,-0.1516177,0.27106407,0.40710112,0.28854117,-0.5585347,-0.40171516,0.4526695,-0.4311906,-0.1075785,-0.4971707,0.07772888,-0.04506632,-0.40964738,-0.25646013,-0.2981529,-0.20136195,-0.20097609,-0.24057525
1,组09,排01,叫,-1.0058763,-0.41407257,-1.5517982,-0.9134641,0.6800821,-0.8021944,0.55399805,-0.28592598,0.73822635,-1.2844281,0.27192226,0.9553792,1.1406069,-1.0008422,-0.9741423,0.31834185,1.213063,-0.16565438,0.47598985,0.516855,-0.2457796,-0.9488773,-1.1188699,-0.14520362,0.9548215,-0.005537048,-0.47435066,0.124854796,0.072476,-0.4499065,-0.14183716,0.49850127,-0.1516177,0.27106407,0.40710112,0.28854117,-0.5585347,-0.40171516,0.4526695,-0.4311906,-0.1075785,-0.4971707,0.07772888,-0.04506632,-0.40964738,-0.25646013,-0.2981529,-0.20136195,-0.20097609,-0.24057525
1,组09,排01,该,-1.0058763,-0.41407257,-1.5517982,-0.9134641,0.6800821,-0.8021944,0.55399805,-0.28592598,0.73822635,-1.2844281,0.27192226,0.9553792,1.1406069,-1.0008422,-0.9741423,0.31834185,1.213063,-0.16565438,0.47598985,0.516855,-0.2457796,-0.9488773,-1.1188699,-0.14520362,0.9548215,-0.005537048,-0.47435066,0.124854796,0.072476,-0.4499065,-0.14183716,0.49850127,-0.1516177,0.27106407,0.40710112,0.28854117,-0.5585347,-0.40171516,0.4526695,-0.4311906,-0.1075785,-0.4971707,0.07772888,-0.04506632,-0.40964738,-0.25646013,-0.2981529,-0.20136195,-0.20097609,-0.24057525
2,组09,排02,海,0.18151623,1.5848966,-1.8245825,-1.4831609,-0.99013686,-0.11040902,1.4487141,-1.1733723,0.69958895,-1.1699656,-0.042427134,0.33531386,0.21972899,0.247486,-0.5132678,-0.2239377,0.80000144,-0.49224246,-0.5804472,0.5889482,-0.83362067,0.34111026,-0.04403195,1.3876306,0.75520134,-0.7613233,0.45830724,0.1740854,-0.2738123,0.6142031,0.32283473,-0.42426422,-0.37881473,-0.55883116,0.37589613,-0.64125717,-0.50965923,-0.12132141,-0.1671674,0.036414426,0.1397936,0.10762838,-0.4315938,-0.35625508,0.22286072,0.29162443,0.10177627,-0.11944119,0.21421906,0.36023298
2,组09,排02,该,0.18151623,1.5848966,-1.8245825,-1.4831609,-0.99013686,-0.11040902,1.4487141,-1.1733723,0.69958895,-1.1699656,-0.042427134,0.33531386,0.21972899,0.247486,-0.5132678,-0.2239377,0.80000144,-0.49224246,-0.5804472,0.5889482,-0.83362067,0.34111026,-0.04403195,1.3876306,0.75520134,-0.7613233,0.45830724,0.1740854,-0.2738123,0.6142031,0.32283473,-0.42426422,-0.37881473,-0.55883116,0.37589613,-0.64125717,-0.50965923,-0.12132141,-0.1671674,0.036414426,0.1397936,0.10762838,-0.4315938,-0.35625508,0.22286072,0.29162443,0.10177627,-0.11944119,0.21421906,0.36023298
2,组09,排02,叫,0.18151623,1.5848966,-1.8245825,-1.4831609,-0.99013686,-0.11040902,1.4487141,-1.1733723,0.69958895,-1.1699656,-0.042427134,0.33531386,0.21972899,0.247486,-0.5132678,-0.2239377,0.80000144,-0.49224246,-0.5804472,0.5889482,-0.83362067,0.34111026,-0.04403195,1.3876306,0.75520134,-0.7613233,0.45830724,0.1740854,-0.2738123,0.6142031,0.32283473,-0.42426422,-0.37881473,-0.55883116,0.37589613,-0.64125717,-0.50965923,-0.12132141,-0.1671674,0.036414426,0.1397936,0.10762838,-0.4315938,-0.35625508,0.22286072,0.29162443,0.10177627,-0.11944119,0.21421906,0.36023298
3,组09,排03,叫,-0.64359045,-2.2732775,-1.87096,-1.9799933,-1.6090546,-0.70364964,2.1834414,-0.37374398,1.645753,-0.13826087,0.5242997,-0.99377793,0.8095074,0.15180254,0.38921353,0.9459289,-0.16489889,0.45290303,-0.31731653,-1.1312662,1.2667887,-0.60097647,-0.25287718,-0.5023226,0.6581287,0.3699479,0.90221894,-0.536802,0.052025884,-0.7687686,0.23338248,-0.52101046,0.3924271,-0.13225962,-0.20732303,0.37818173,-0.34694505,0.42812935,-0.70775265,0.18478324,-0.23290247,0.26374352,0.19599085,-0.3841282,0.077443406,0.08057157,0.07861262,0.12478525,-0.023820696,0.01981687
3,组09,排03,海,-0.64359045,-2.2732775,-1.87096,-1.9799933,-1.6090546,-0.70364964,2.1834414,-0.37374398,1.645753,-0.13826087,0.5242997,-0.99377793,0.8095074,0.15180254,0.38921353,0.9459289,-0.16489889,0.45290303,-0.31731653,-1.1312662,1.2667887,-0.60097647,-0.25287718,-0.5023226,0.6581287,0.3699479,0.90221894,-0.536802,0.052025884,-0.7687686,0.23338248,-0.52101046,0.3924271,-0.13225962,-0.20732303,0.37818173,-0.34694505,0.42812935,-0.70775265,0.18478324,-0.23290247,0.26374352,0.19599085,-0.3841282,0.077443406,0.08057157,0.07861262,0.12478525,-0.023820696,0.01981687
3,组09,排03,该,-0.64359045,-2.2732775,-1.87096,-1.9799933,-1.6090546,-0.70364964,2.1834414,-0.37374398,1.645753,-0.13826087,0.5242997,-0.99377793,0.8095074,0.15180254,0.38921353,0.9459289,-0.16489889,0.45290303,-0.31731653,-1.1312662,1.2667887,-0.60097647,-0.25287718,-0.5023226,0.6581287,0.3699479,0.90221894,-0.536802,0.052025884,-0.7687686,0.23338248,-0.52101046,0.3924271,-0.13225962,-0.20732303,0.37818173,-0.34694505,0.42812935,-0.70775265,0.18478324,-0.23290247,0.26374352,0.19599085,-0.3841282,0.077443406,0.08057157,0.07861262,0.12478525,-0.023820696,0.01981687
4,组09,排04,叫,0.08442049,1.644823,-2.1454866,-1.378826,-1.0383337,-0.09321888,1.7206451,-1.1960526,0.4964155,-1.141506,-0.3038045,0.27393588,0.45325327,0.18003964,-0.5218121,-0.43927404,0.81785715,-0.49520195,-0.47101513,0.5953963,-0.9065494,0.27236295,0.013937257,1.5705224,0.6149348,-0.85732883,0.27857476,0.2740337,-0.21380891,0.52627194,0.42871684,-0.42009705,-0.30756572,-0.3482002,0.2635185,-0.66989326,-0.5163132,-0.08974261,-0.099872515,-0.04197679,-0.18051817,0.2925653,-0.42065862,-0.37189996,0.26677486,0.19270702,0.22551866,-0.048389364,-0.031539895,0.41711053
4,组09,排04,该,0.08442049,1.644823,-2.1454866,-1.378826,-1.0383337,-0.09321888,1.7206451,-1.1960526,0.4964155,-1.141506,-0.3038045,0.27393588,0.45325327,0.18003964,-0.5218121,-0.43927404,0.81785715,-0.49520195,-0.47101513,0.5953963,-0.9065494,0.27236295,0.013937257,1.5705224,0.6149348,-0.85732883,0.27857476,0.2740337,-0.21380891,0.52627194,0.42871684,-0.42009705,-0.30756572,-0.3482002,0.2635185,-0.66989326,-0.5163132,-0.08974261,-0.099872515,-0.04197679,-0.18051817,0.2925653,-0.42065862,-0.37189996,0.26677486,0.19270702,0.22551866,-0.048389364,-0.031539895,0.41711053
4,组09,排04,海,0.08442049,1.644823,-2.1454866,-1.378826,-1.0383337,-0.09321888,1.7206451,-1.1960526,0.4964155,-1.141506,-0.3038045,0.27393588,0.45325327,0.18003964,-0.5218121,-0.43927404,0.81785715,-0.49520195,-0.47101513,0.5953963,-0.9065494,0.27236295,0.013937257,1.5705224,0.6149348,-0.85732883,0.27857476,0.2740337,-0.21380891,0.52627194,0.42871684,-0.42009705,-0.30756572,-0.3482002,0.2635185,-0.66989326,-0.5163132,-0.08974261,-0.099872515,-0.04197679,-0.18051817,0.2925653,-0.42065862,-0.37189996,0.26677486,0.19270702,0.22551866,-0.048389364,-0.031539895,0.41711053
5,组09,排05,该,-0.6050373,-2.2812824,-1.5765444,-2.2639406,-1.5484186,-0.5493622,1.9753366,-0.34320664,1.5309802,-0.2530419,0.6881755,-1.0244188,0.76128143,0.13781524,0.24968626,1.0142155,-0.23435016,0.45627984,-0.30106083,-1.0338677,1.237344,-0.5807249,-0.30359474,-0.61428636,0.5988989,0.32190114,0.9760527,-0.49189374,0.07165868,-0.71153665,0.32577115,-0.4380856,0.28748247,-0.09604585,-0.34629995,0.3864649,-0.29059425,0.39611873,-0.671669,0.22494024,-0.08154459,0.2336769,0.32867962,-0.37077594,0.13476136,0.100787394,-0.02593533,0.09551828,0.12678911,0.05431472
5,组09,排05,海,-0.6050373,-2.2812824,-1.5765444,-2.2639406,-1.5484186,-0.5493622,1.9753366,-0.34320664,1.5309802,-0.2530419,0.6881755,-1.0244188,0.76128143,0.13781524,0.24968626,1.0142155,-0.23435016,0.45627984,-0.30106083,-1.0338677,1.237344,-0.5807249,-0.30359474,-0.61428636,0.5988989,0.32190114,0.9760527,-0.49189374,0.07165868,-0.71153665,0.32577115,-0.4380856,0.28748247,-0.09604585,-0.34629995,0.3864649,-0.29059425,0.39611873,-0.671669,0.22494024,-0.08154459,0.2336769,0.32867962,-0.37077594,0.13476136,0.100787394,-0.02593533,0.09551828,0.12678911,0.05431472
5,组09,排05,叫,-0.6050373,-2.2812824,-1.5765444,-2.2639406,-1.5484186,-0.5493622,1.9753366,-0.34320664,1.5309802,-0.2530419,0.6881755,-1.0244188,0.76128143,0.13781524,0.24968626,1.0142155,-0.23435016,0.45627984,-0.30106083,-1.0338677,1.237344,-0.5807249,-0.30359474,-0.61428636,0.5988989,0.32190114,0.9760527,-0.49189374,0.07165868,-0.71153665,0.32577115,-0.4380856,0.28748247,-0.09604585,-0.34629995,0.3864649,-0.29059425,0.39611873,-0.671669,0.22494024,-0.08154459,0.2336769,0.32867962,-0.37077594,0.13476136,0.100787394,-0.02593533,0.09551828,0.12678911,0.05431472
6,组09,排06,该,-0.9491419,-0.28481087,-0.95593005,-1.2456863,0.7211795,-0.683167,0.6934111,-0.28899452,0.38759387,-1.4295807,0.43553132,0.83212143,1.2217292,-1.2228736,-1.2824954,0.35878673,1.1022686,-0.22054175,0.4129395,0.63912255,-0.23110706,-0.9284773,-1.198014,-0.18125743,0.6957425,-0.07811203,-0.38213,0.10318058,0.03820004,-0.18288183,0.028013157,0.50432616,-0.12774628,0.33850905,0.3073833,0.32901293,-0.51500696,-0.43269238,0.4621468,-0.3639439,-0.17163125,-0.37953666,0.22775441,0.016024338,-0.33003703,-0.26935455,-0.28929248,-0.07486791,-0.11423516,-0.20519617
6,组09,排06,叫,-0.9491425,-0.284811,-0.95592993,-1.2456862,0.7211792,-0.68316686,0.6934111,-0.28899458,0.38759416,-1.4295806,0.43553117,0.83212095,1.2217292,-1.2228732,-1.2824953,0.3587867,1.1022683,-0.22054139,0.4129396,0.6391225,-0.23110698,-0.92847705,-1.1980137,-0.18125755,0.69574237,-0.07811206,-0.38213018,0.10318071,0.038200002,-0.18288174,0.028012795,0.5043262,-0.1277463,0.33850902,0.3073835,0.32901293,-0.515007,-0.43269232,0.462147,-0.3639439,-0.17163129,-0.37953663,0.22775431,0.016024102,-0.33003712,-0.2693546,-0.2892923,-0.07486785,-0.11423505,-0.20519629
6,组09,排06,海,-0.9491425,-0.284811,-0.95592993,-1.2456862,0.7211792,-0.68316686,0.6934111,-0.28899458,0.38759416,-1.4295806,0.43553117,0.83212095,1.2217292,-1.2228732,-1.2824953,0.3587867,1.1022683,-0.22054139,0.4129396,0.6391225,-0.23110698,-0.92847705,-1.1980137,-0.18125755,0.69574237,-0.07811206,-0.38213018,0.10318071,0.038200002,-0.18288174,0.028012795,0.5043262,-0.1277463,0.33850902,0.3073835,0.32901293,-0.515007,-0.43269232,0.462147,-0.3639439,-0.17163129,-0.37953663,0.22775431,0.016024102,-0.33003712,-0.2693546,-0.2892923,-0.07486785,-0.11423505,-0.20519629
1,组10,排01,务,1.4208785,1.2756077,1.136681,-1.2239546,-1.7111343,0.2632357,-1.1693996,0.7642162,0.947032,-1.1640229,0.36315894,-0.17684646,-0.3563969,0.46665525,0.24017896,0.6624733,0.55462974,0.04831303,0.38494617,0.30946168,-0.20141087,-0.05632838,-0.050319973,-0.36562195,-0.42262578,0.06870173,-0.052342575,-0.93688965,-0.49624318,-0.33770657,-0.3773747,0.5106875,-0.55288494,0.1351579,0.24447726,-0.24524121,0.032181963,-0.059593525,-0.014045436,0.3675093,-0.083832346,-0.11429549,0.34980586,-0.16826768,0.08318691,0.07376756,0.21138856,0.27073133,0.2609879,0.114604
1,组10,排01,做,1.4208785,1.2756077,1.136681,-1.2239546,-1.7111343,0.2632357,-1.1693996,0.7642162,0.947032,-1.1640229,0.36315894,-0.17684646,-0.3563969,0.46665525,0.24017896,0.6624733,0.55462974,0.04831303,0.38494617,0.30946168,-0.20141087,-0.05632838,-0.050319973,-0.36562195,-0.42262578,0.06870173,-0.052342575,-0.93688965,-0.49624318,-0.33770657,-0.3773747,0.5106875,-0.55288494,0.1351579,0.24447726,-0.24524121,0.032181963,-0.059593525,-0.014045436,0.3675093,-0.083832346,-0.11429549,0.34980586,-0.16826768,0.08318691,0.07376756,0.21138856,0.27073133,0.2609879,0.114604
1,组10,排01,与,1.4208785,1.2756077,1.136681,-1.2239546,-1.7111343,0.2632357,-1.1693996,0.7642162,0.947032,-1.1640229,0.36315894,-0.17684646,-0.3563969,0.46665525,0.24017896,0.6624733,0.55462974,0.04831303,0.38494617,0.30946168,-0.20141087,-0.05632838,-0.050319973,-0.36562195,-0.42262578,0.06870173,-0.052342575,-0.93688965,-0.49624318,-0.33770657,-0.3773747,0.5106875,-0.55288494,0.1351579,0.24447726,-0.24524121,0.032181963,-0.059593525,-0.014045436,0.3675093,-0.083832346,-0.11429549,0.34980586,-0.16826768,0.08318691,0.07376756,0.21138856,0.27073133,0.2609879,0.114604
2,组10,排02,务,-1.8176781,0.8138092,2.011192,-1.2021341,-2.3868032,0.15052094,-0.87416357,-0.27063847,-0.61689,-0.4819607,1.1955439,0.52914876,-0.900502,0.80596054,0.0022355162,0.7474923,1.4588971,0.8991448,0.22635587,-0.42607266,-0.29840684,0.077158935,0.19049746,-0.0557351,-0.41610324,-0.65052724,-0.05902555,-0.21017212,-0.28301612,-0.41842377,-0.027406652,0.46277273,0.057707787,-0.37114707,-0.06379181,0.14892203,0.1661151,-0.08529851,0.0143835135,0.014516908,0.2843814,0.084891215,-0.28042063,-0.23926322,-0.08160979,-0.590387,0.043879416,0.03702408,-0.5276042,-0.018209219
2,组10,排02,与,-1.8176781,0.8138092,2.011192,-1.2021341,-2.3868032,0.15052094,-0.87416357,-0.27063847,-0.61689,-0.4819607,1.1955439,0.52914876,-0.900502,0.80596054,0.0022355162,0.7474923,1.4588971,0.8991448,0.22635587,-0.42607266,-0.29840684,0.077158935,0.19049746,-0.0557351,-0.41610324,-0.65052724,-0.05902555,-0.21017212,-0.28301612,-0.41842377,-0.027406652,0.46277273,0.057707787,-0.37114707,-0.06379181,0.14892203,0.1661151,-0.08529851,0.0143835135,0.014516908,0.2843814,0.084891215,-0.28042063,-0.23926322,-0.08160979,-0.590387,0.043879416,0.03702408,-0.5276042,-0.018209219
2,组10,排02,做,-1.8176781,0.8138092,2.011192,-1.2021341,-2.3868032,0.15052094,-0.87416357,-0.27063847,-0.61689,-0.4819607,1.1955439,0.52914876,-0.900502,0.80596054,0.0022355162,0.7474923,1.4588971,0.8991448,0.22635587,-0.42607266,-0.29840684,0.077158935,0.19049746,-0.0557351,-0.41610324,-0.65052724,-0.05902555,-0.21017212,-0.28301612,-0.41842377,-0.027406652,0.46277273,0.057707787,-0.37114707,-0.06379181,0.14892203,0.1661151,-0.08529851,0.0143835135,0.014516908,0.2843814,0.084891215,-0.28042063,-0.23926322,-0.08160979,-0.590387,0.043879416,0.03702408,-0.5276042,-0.018209219
3,组10,排03,做,0.7141383,1.6598119,0.49714077,-1.416029,-0.79073715,0.054751858,-1.8443424,-0.97443736,0.1106123,-1.2319871,0.48144317,-0.43432555,-0.6463179,0.10881184,0.38154972,0.26733622,0.13199069,-0.30644372,0.05234038,-0.5163992,0.18962245,-0.004730928,-0.067211695,0.44278324,-0.552092,-0.13523903,-0.24510714,-0.786422,-0.40970877,-0.4102845,-0.31078464,-0.12665386,-0.5075251,0.005511158,-0.20038359,-0.3011502,-0.44081944,0.13602614,0.21418683,0.3998483,-0.057724666,-0.35645598,-0.1738404,0.15253837,0.0049286857,0.4245154,-0.33691153,-0.084736854,0.47182027,0.005051065
3,组10,排03,务,0.7141383,1.6598119,0.49714077,-1.416029,-0.79073715,0.054751858,-1.8443424,-0.97443736,0.1106123,-1.2319871,0.48144317,-0.43432555,-0.6463179,0.10881184,0.38154972,0.26733622,0.13199069,-0.30644372,0.05234038,-0.5163992,0.18962245,-0.004730928,-0.067211695,0.44278324,-0.552092,-0.13523903,-0.24510714,-0.786422,-0.40970877,-0.4102845,-0.31078464,-0.12665386,-0.5075251,0.005511158,-0.20038359,-0.3011502,-0.44081944,0.13602614,0.21418683,0.3998483,-0.057724666,-0.35645598,-0.1738404,0.15253837,0.0049286857,0.4245154,-0.33691153,-0.084736854,0.47182027,0.005051065
3,组10,排03,与,0.7141383,1.6598119,0.49714077,-1.416029,-0.79073715,0.054751858,-1.8443424,-0.97443736,0.1106123,-1.2319871,0.48144317,-0.43432555,-0.6463179,0.10881184,0.38154972,0.26733622,0.13199069,-0.30644372,0.05234038,-0.5163992,0.18962245,-0.004730928,-0.067211695,0.44278324,-0.552092,-0.13523903,-0.24510714,-0.786422,-0.40970877,-0.4102845,-0.31078464,-0.12665386,-0.5075251,0.005511158,-0.20038359,-0.3011502,-0.44081944,0.13602614,0.21418683,0.3998483,-0.057724666,-0.35645598,-0.1738404,0.15253837,0.0049286857,0.4245154,-0.33691153,-0.084736854,0.47182027,0.005051065
4,组10,排04,做,-1.902362,1.0976423,1.9495574,-0.9908064,-2.4036703,0.14093088,-0.8347473,-0.3008447,-0.53818244,-0.5258215,1.3400759,0.6684895,-1.061265,0.829638,0.019563342,0.86373836,1.517338,0.89883935,0.14795318,-0.5329036,-0.30708903,0.043233864,0.26340896,0.039915953,-0.4690225,-0.5983531,0.15956783,-0.215627,-0.25765464,-0.26604885,0.0453092,0.50141156,0.102515265,-0.3373862,0.04306774,0.17535266,0.065755755,-0.18540232,0.047560357,0.017959008,0.23739234,0.07401701,-0.32816383,-0.19870095,-0.06253616,-0.5105353,-0.002004225,-0.012352561,-0.57609534,-0.10678549
4,组10,排04,与,-1.902362,1.0976423,1.9495574,-0.9908064,-2.4036703,0.14093088,-0.8347473,-0.3008447,-0.53818244,-0.5258215,1.3400759,0.6684895,-1.061265,0.829638,0.019563342,0.86373836,1.517338,0.89883935,0.14795318,-0.5329036,-0.30708903,0.043233864,0.26340896,0.039915953,-0.4690225,-0.5983531,0.15956783,-0.215627,-0.25765464,-0.26604885,0.0453092,0.50141156,0.102515265,-0.3373862,0.04306774,0.17535266,0.065755755,-0.18540232,0.047560357,0.017959008,0.23739234,0.07401701,-0.32816383,-0.19870095,-0.06253616,-0.5105353,-0.002004225,-0.012352561,-0.57609534,-0.10678549
4,组10,排04,务,-1.902362,1.0976423,1.9495574,-0.9908064,-2.4036703,0.14093088,-0.8347473,-0.3008447,-0.53818244,-0.5258215,1.3400759,0.6684895,-1.061265,0.829638,0.019563342,0.86373836,1.517338,0.89883935,0.14795318,-0.5329036,-0.30708903,0.043233864,0.26340896,0.039915953,-0.4690225,-0.5983531,0.15956783,-0.215627,-0.25765464,-0.26604885,0.0453092,0.50141156,0.102515265,-0.3373862,0.04306774,0.17535266,0.065755755,-0.18540232,0.047560357,0.017959008,0.23739234,0.07401701,-0.32816383,-0.19870095,-0.06253616,-0.5105353,-0.002004225,-0.012352561,-0.57609534,-0.10678549
5,组10,排05,与,0.824307,1.2343861,0.8575646,-1.0247675,-0.7007118,0.5257809,-2.1196175,-0.65030575,-0.7379011,-1.6299142,0.76628464,-0.6856629,-0.30017406,-0.03602141,0.14205699,0.21411447,-0.02879307,-0.07478371,-0.0235553,-0.81078774,0.28771463,0.18383136,-0.2977823,0.7840131,-0.47197258,-0.18708448,-0.12269408,-0.4211613,-0.27872697,-0.5333134,-0.2129142,-0.4718277,-0.43448097,0.3343994,-0.44463155,-0.070821896,-0.23149925,0.46486428,0.30867058,0.15636195,0.097530715,-0.26018366,-0.3817549,0.175709,0.04000538,0.41565275,-0.21885179,-0.250187,0.43668896,-0.11962648
5,组10,排05,务,0.824307,1.2343861,0.8575646,-1.0247675,-0.7007118,0.5257809,-2.1196175,-0.65030575,-0.7379011,-1.6299142,0.76628464,-0.6856629,-0.30017406,-0.03602141,0.14205699,0.21411447,-0.02879307,-0.07478371,-0.0235553,-0.81078774,0.28771463,0.18383136,-0.2977823,0.7840131,-0.47197258,-0.18708448,-0.12269408,-0.4211613,-0.27872697,-0.5333134,-0.2129142,-0.4718277,-0.43448097,0.3343994,-0.44463155,-0.070821896,-0.23149925,0.46486428,0.30867058,0.15636195,0.097530715,-0.26018366,-0.3817549,0.175709,0.04000538,0.41565275,-0.21885179,-0.250187,0.43668896,-0.11962648
5,组10,排05,做,0.824307,1.2343861,0.8575646,-1.0247675,-0.7007118,0.5257809,-2.1196175,-0.65030575,-0.7379011,-1.6299142,0.76628464,-0.6856629,-0.30017406,-0.03602141,0.14205699,0.21411447,-0.02879307,-0.07478371,-0.0235553,-0.81078774,0.28771463,0.18383136,-0.2977823,0.7840131,-0.47197258,-0.18708448,-0.12269408,-0.4211613,-0.27872697,-0.5333134,-0.2129142,-0.4718277,-0.43448097,0.3343994,-0.44463155,-0.070821896,-0.23149925,0.46486428,0.30867058,0.15636195,0.097530715,-0.26018366,-0.3817549,0.175709,0.04000538,0.41565275,-0.21885179,-0.250187,0.43668896,-0.11962648
6,组10,排06,与,1.0593743,1.3882285,1.5542972,-0.5918516,-1.8149445,0.9076781,-1.4935008,1.2450968,0.6386827,-1.9297106,0.797999,-0.12949096,-0.23107761,0.68854725,0.15943715,0.9049685,0.57023406,0.06825342,0.22405434,-0.124541566,-0.14293697,0.053452216,-0.19510698,0.001390589,-0.32501706,0.063964985,0.112210624,-0.7183777,-0.32592827,-0.27568614,-0.33055755,0.47881278,-0.5232716,0.5864388,0.12155289,-0.12415528,0.3252351,0.22783114,0.055687927,0.12902518,-0.037762746,-0.030356456,0.1700555,-0.24202387,0.283856,0.13238084,0.40308392,0.08189045,0.31048158,-0.12755042
6,组10,排06,做,1.0593743,1.388228,1.5542967,-0.5918516,-1.8149441,0.90767795,-1.4935007,1.2450969,0.6386825,-1.9297106,0.79799926,-0.12949081,-0.23107794,0.68854713,0.15943713,0.9049688,0.57023406,0.068253495,0.22405432,-0.124541536,-0.142937,0.05345233,-0.19510698,0.0013905617,-0.32501692,0.063965194,0.112210594,-0.7183776,-0.32592824,-0.27568612,-0.33055738,0.47881263,-0.5232717,0.5864389,0.12155267,-0.12415523,0.32523513,0.22783117,0.055687938,0.12902518,-0.03776284,-0.030356498,0.17005561,-0.24202377,0.283856,0.13238099,0.40308392,0.081890486,0.3104816,-0.12755042
6,组10,排06,务,1.0593742,1.3882282,1.554297,-0.5918513,-1.8149445,0.9076778,-1.4935007,1.2450973,0.63868225,-1.9297109,0.79799914,-0.12949088,-0.2310779,0.68854713,0.15943715,0.9049688,0.5702341,0.06825352,0.22405434,-0.124541536,-0.14293699,0.053452346,-0.19510704,0.0013905605,-0.32501692,0.06396523,0.112210594,-0.71837765,-0.3259282,-0.2756862,-0.33055744,0.47881272,-0.52327156,0.5864389,0.12155268,-0.12415519,0.32523513,0.22783114,0.055687957,0.12902516,-0.03776286,-0.030356497,0.17005563,-0.24202377,0.283856,0.13238099,0.4030839,0.08189045,0.31048158,-0.1275504
1,组11,排01,您,1.4424804,0.12720382,-2.6457515,-1.1525372,-0.8546397,-0.45909637,0.80592954,-0.5131835,0.28064594,-1.183325,-1.4809505,0.7244953,0.14148839,1.5464468,-0.0006674343,-0.6573739,0.24923216,0.13126221,0.102288306,-0.649982,-0.17107023,-0.22443771,0.23843549,-0.23374744,-0.01368875,0.29962963,0.13954468,0.4259091,-0.144735,-0.5751974,0.06979836,0.21381018,-0.15242365,0.066539794,0.4131575,-0.32252154,0.7635103,-0.15611175,-0.1695521,-0.024719212,0.11383622,0.14830895,-0.25215393,0.10909822,-0.14083213,-0.08245788,0.06990266,-0.6761846,-0.499934,-0.18878749
1,组11,排01,活,1.4424804,0.12720382,-2.6457515,-1.1525372,-0.8546397,-0.45909637,0.80592954,-0.5131835,0.28064594,-1.183325,-1.4809505,0.7244953,0.14148839,1.5464468,-0.0006674343,-0.6573739,0.24923216,0.13126221,0.102288306,-0.649982,-0.17107023,-0.22443771,0.23843549,-0.23374744,-0.01368875,0.29962963,0.13954468,0.4259091,-0.144735,-0.5751974,0.06979836,0.21381018,-0.15242365,0.066539794,0.4131575,-0.32252154,0.7635103,-0.15611175,-0.1695521,-0.024719212,0.11383622,0.14830895,-0.25215393,0.10909822,-0.14083213,-0.08245788,0.06990266,-0.6761846,-0.499934,-0.18878749
1,组11,排01,面,1.4424804,0.12720382,-2.6457515,-1.1525372,-0.8546397,-0.45909637,0.80592954,-0.5131835,0.28064594,-1.183325,-1.4809505,0.7244953,0.14148839,1.5464468,-0.0006674343,-0.6573739,0.24923216,0.13126221,0.102288306,-0.649982,-0.17107023,-0.22443771,0.23843549,-0.23374744,-0.01368875,0.29962963,0.13954468,0.4259091,-0.144735,-0.5751974,0.06979836,0.21381018,-0.15242365,0.066539794,0.4131575,-0.32252154,0.7635103,-0.15611175,-0.1695521,-0.024719212,0.11383622,0.14830895,-0.25215393,0.10909822,-0.14083213,-0.08245788,0.06990266,-0.6761846,-0.499934,-0.18878749
2,组11,排02,您,-1.5939784,-0.45701066,-3.9763165,-0.95721936,0.3574059,0.64814407,0.59885234,0.61544025,-2.2620325,-1.6863976,-2.2343228,0.08500401,-1.0696782,-0.14552216,-0.25644615,-0.5876578,0.45938188,-0.04621699,1.3868397,-1.2786615,-0.03684895,-0.6136974,0.47692737,0.25740948,-0.11462551,0.59882283,-0.56176883,-0.04901368,-0.115209796,0.119055055,-0.35444883,-0.45680112,0.00482446,-0.16025455,-0.69934446,-0.019086778,-0.053743813,-0.12453554,0.41324618,0.11061171,-0.23214558,0.26332203,0.20100464,-0.06693021,0.2591467,0.015857758,-0.16586532,0.40988278,0.03063052,0.17017742
2,组11,排02,面,-1.5939784,-0.45701066,-3.9763165,-0.95721936,0.3574059,0.64814407,0.59885234,0.61544025,-2.2620325,-1.6863976,-2.2343228,0.08500401,-1.0696782,-0.14552216,-0.25644615,-0.5876578,0.45938188,-0.04621699,1.3868397,-1.2786615,-0.03684895,-0.6136974,0.47692737,0.25740948,-0.11462551,0.59882283,-0.56176883,-0.04901368,-0.115209796,0.119055055,-0.35444883,-0.45680112,0.00482446,-0.16025455,-0.69934446,-0.019086778,-0.053743813,-0.12453554,0.41324618,0.11061171,-0.23214558,0.26332203,0.20100464,-0.06693021,0.2591467,0.015857758,-0.16586532,0.40988278,0.03063052,0.17017742
2,组11,排02,活,-1.5939784,-0.45701066,-3.9763165,-0.95721936,0.3574059,0.64814407,0.59885234,0.61544025,-2.2620325,-1.6863976,-2.2343228,0.08500401,-1.0696782,-0.14552216,-0.25644615,-0.5876578,0.45938188,-0.04621699,1.3868397,-1.2786615,-0.03684895,-0.6136974,0.47692737,0.25740948,-0.11462551,0.59882283,-0.56176883,-0.04901368,-0.115209796,0.119055055,-0.35444883,-0.45680112,0.00482446,-0.16025455,-0.69934446,-0.019086778,-0.053743813,-0.12453554,0.41324618,0.11061171,-0.23214558,0.26332203,0.20100464,-0.06693021,0.2591467,0.015857758,-0.16586532,0.40988278,0.03063052,0.17017742
3,组11,排03,活,2.1170917,-1.3740618,-2.0898204,-0.4586345,-0.9112059,-0.89782107,0.074675515,0.34200907,0.5880902,-0.24068193,-1.4581122,0.9057745,0.34768644,0.81246716,0.5569692,-0.48810402,-0.032423045,0.16672592,0.48693952,-0.20965485,0.078453645,0.32079172,0.2594604,-1.1297326,-0.19242032,-0.059190314,-0.1551298,-0.2582562,0.1481316,0.6811883,0.4380465,0.6533782,-0.1339912,0.17959368,0.6251718,-0.25733605,0.27854297,0.045579076,-0.46658665,-0.40292835,0.34500504,-0.6678997,-0.41686374,0.06720513,-0.2831381,-0.16761127,0.2260514,0.37264672,0.6365699,-0.24977913
3,组11,排03,您,2.1170917,-1.3740618,-2.0898204,-0.4586345,-0.9112059,-0.89782107,0.074675515,0.34200907,0.5880902,-0.24068193,-1.4581122,0.9057745,0.34768644,0.81246716,0.5569692,-0.48810402,-0.032423045,0.16672592,0.48693952,-0.20965485,0.078453645,0.32079172,0.2594604,-1.1297326,-0.19242032,-0.059190314,-0.1551298,-0.2582562,0.1481316,0.6811883,0.4380465,0.6533782,-0.1339912,0.17959368,0.6251718,-0.25733605,0.27854297,0.045579076,-0.46658665,-0.40292835,0.34500504,-0.6678997,-0.41686374,0.06720513,-0.2831381,-0.16761127,0.2260514,0.37264672,0.6365699,-0.24977913
3,组11,排03,面,2.1170917,-1.3740618,-2.0898204,-0.4586345,-0.9112059,-0.89782107,0.074675515,0.34200907,0.5880902,-0.24068193,-1.4581122,0.9057745,0.34768644,0.81246716,0.5569692,-0.48810402,-0.032423045,0.16672592,0.48693952,-0.20965485,0.078453645,0.32079172,0.2594604,-1.1297326,-0.19242032,-0.059190314,-0.1551298,-0.2582562,0.1481316,0.6811883,0.4380465,0.6533782,-0.1339912,0.17959368,0.6251718,-0.25733605,0.27854297,0.045579076,-0.46658665,-0.40292835,0.34500504,-0.6678997,-0.41686374,0.06720513,-0.2831381,-0.16761127,0.2260514,0.37264672,0.6365699,-0.24977913
4,组11,排04,活,-1.6289805,-0.496927,-3.8142996,-1.2170838,0.35647595,0.7985052,0.41109407,0.51911634,-1.8510016,-1.860649,-2.0882695,0.11006364,-1.372573,0.17839484,0.14240159,-0.78777844,0.6550866,0.004826792,1.176813,-0.9766753,0.058222093,-0.2786719,0.5151753,0.2229698,0.19659393,0.58305466,-0.40071967,-0.053631797,0.18788098,0.28609377,-0.5917094,-0.49066475,-0.053626426,-0.12227061,-0.82266927,0.3876018,-0.08311862,-0.009827261,0.46084726,0.22287036,-0.13786292,0.32436916,0.26487243,0.081390746,0.0873266,-0.14344002,-0.01173022,0.34418446,0.13867472,-0.27361268
4,组11,排04,面,-1.6289805,-0.496927,-3.8142996,-1.2170838,0.35647595,0.7985052,0.41109407,0.51911634,-1.8510016,-1.860649,-2.0882695,0.11006364,-1.372573,0.17839484,0.14240159,-0.78777844,0.6550866,0.004826792,1.176813,-0.9766753,0.058222093,-0.2786719,0.5151753,0.2229698,0.19659393,0.58305466,-0.40071967,-0.053631797,0.18788098,0.28609377,-0.5917094,-0.49066475,-0.053626426,-0.12227061,-0.82266927,0.3876018,-0.08311862,-0.009827261,0.46084726,0.22287036,-0.13786292,0.32436916,0.26487243,0.081390746,0.0873266,-0.14344002,-0.01173022,0.34418446,0.13867472,-0.27361268
4,组11,排04,您,-1.6289805,-0.496927,-3.8142996,-1.2170838,0.35647595,0.7985052,0.41109407,0.51911634,-1.8510016,-1.860649,-2.0882695,0.11006364,-1.372573,0.17839484,0.14240159,-0.78777844,0.6550866,0.004826792,1.176813,-0.9766753,0.058222093,-0.2786719,0.5151753,0.2229698,0.19659393,0.58305466,-0.40071967,-0.053631797,0.18788098,0.28609377,-0.5917094,-0.49066475,-0.053626426,-0.12227061,-0.82266927,0.3876018,-0.08311862,-0.009827261,0.46084726,0.22287036,-0.13786292,0.32436916,0.26487243,0.081390746,0.0873266,-0.14344002,-0.01173022,0.34418446,0.13867472,-0.27361268
5,组11,排05,面,2.1574671,-1.1209607,-1.3836863,-0.46027753,-1.1646385,-0.8856507,-0.1486795,0.36034518,0.06278928,-0.29193008,-1.4984627,0.46990278,0.37542945,0.6629054,0.434745,-0.5378849,-0.3292166,0.2556486,0.60968554,0.06752167,0.09911344,0.3307035,0.012740277,-1.31762,-0.5054944,0.02031681,-0.061196275,-0.29431355,0.1798201,0.80691504,0.34142986,0.492509,0.09406805,0.1069859,0.6320331,-0.14471829,0.14757733,0.18699701,-0.56442213,-0.54727876,0.49556345,-0.69642663,-0.47811636,-0.06354919,-0.263726,0.06549354,0.123376995,0.19678034,0.32268047,-0.055629045
5,组11,排05,您,2.1574671,-1.1209607,-1.3836863,-0.46027753,-1.1646385,-0.8856507,-0.1486795,0.36034518,0.06278928,-0.29193008,-1.4984627,0.46990278,0.37542945,0.6629054,0.434745,-0.5378849,-0.3292166,0.2556486,0.60968554,0.06752167,0.09911344,0.3307035,0.012740277,-1.31762,-0.5054944,0.02031681,-0.061196275,-0.29431355,0.1798201,0.80691504,0.34142986,0.492509,0.09406805,0.1069859,0.6320331,-0.14471829,0.14757733,0.18699701,-0.56442213,-0.54727876,0.49556345,-0.69642663,-0.47811636,-0.06354919,-0.263726,0.06549354,0.123376995,0.19678034,0.32268047,-0.055629045
5,组11,排05,活,2.1574671,-1.1209607,-1.3836863,-0.46027753,-1.1646385,-0.8856507,-0.1486795,0.36034518,0.06278928,-0.29193008,-1.4984627,0.46990278,0.37542945,0.6629054,0.434745,-0.5378849,-0.3292166,0.2556486,0.60968554,0.06752167,0.09911344,0.3307035,0.012740277,-1.31762,-0.5054944,0.02031681,-0.061196275,-0.29431355,0.1798201,0.80691504,0.34142986,0.492509,0.09406805,0.1069859,0.6320331,-0.14471829,0.14757733,0.18699701,-0.56442213,-0.54727876,0.49556345,-0.69642663,-0.47811636,-0.06354919,-0.263726,0.06549354,0.123376995,0.19678034,0.32268047,-0.055629045
6,组11,排06,面,1.5164008,0.22048065,-2.097461,-1.098109,-0.91641015,-0.47170487,0.67895675,-0.4922359,-0.24584152,-1.384066,-1.4680514,0.37477264,0.05549488,1.5432798,0.20438014,-0.70746934,0.002377228,0.29453477,0.014292776,-0.31622586,-0.06157621,-0.06637739,-0.018469978,-0.4359299,-0.5359928,0.6002068,0.22108483,0.5134287,0.11512603,-0.407798,0.007912225,0.035362042,-0.041620933,0.13635845,0.3467189,-0.027369019,0.58288866,-0.06858241,-0.1256476,-0.020581963,0.26299727,0.22691342,-0.19962597,0.23981957,-0.12220066,-0.13054182,-0.13088562,-0.8716038,-0.70061487,-0.1158317
6,组11,排06,活,1.5164012,0.22048055,-2.0974607,-1.0981088,-0.91640997,-0.47170508,0.6789569,-0.49223572,-0.2458412,-1.384066,-1.4680513,0.37477246,0.055494435,1.5432796,0.20437984,-0.7074692,0.0023774037,0.29453468,0.014292732,-0.31622595,-0.06157613,-0.06637725,-0.018470054,-0.43592992,-0.5359926,0.60020673,0.22108486,0.51342875,0.115126014,-0.4077979,0.007912206,0.035362106,-0.041620985,0.13635837,0.346719,-0.027368933,0.58288866,-0.06858252,-0.12564766,-0.020581855,0.26299703,0.22691357,-0.19962573,0.23981954,-0.122200735,-0.13054162,-0.13088566,-0.8716038,-0.700615,-0.11583162
6,组11,排06,您,1.5164012,0.22048055,-2.0974607,-1.0981088,-0.91640997,-0.47170508,0.6789569,-0.49223572,-0.2458412,-1.384066,-1.4680513,0.37477246,0.055494435,1.5432796,0.20437984,-0.7074692,0.0023774037,0.29453468,0.014292732,-0.31622595,-0.06157613,-0.06637725,-0.018470054,-0.43592992,-0.5359926,0.60020673,0.22108486,0.51342875,0.115126014,-0.4077979,0.007912206,0.035362106,-0.041620985,0.13635837,0.346719,-0.027368933,0.58288866,-0.06858252,-0.12564766,-0.020581855,0.26299703,0.22691357,-0.19962573,0.23981954,-0.122200735,-0.13054162,-0.13088566,-0.8716038,-0.700615,-0.11583162
1,组12,排01,言,0.16267927,3.9635801,-1.8721889,0.40120146,-1.1444697,-0.64883864,0.08943714,0.92388475,-0.08967182,1.4693414,0.6025454,-0.5019606,1.088483,-0.13189194,0.33311412,-1.2118326,-0.23319489,-0.20863733,-0.3976212,-0.41298658,0.6496059,0.17858325,-0.00014145301,0.8683117,0.40697092,0.40222055,-0.67446405,-0.37410247,0.76944935,-0.3375417,-0.7554365,0.4493927,0.2442078,-0.26670107,0.49492347,0.24352261,0.17559004,0.4487534,0.5655376,-0.17466919,0.83995664,0.26673165,-0.27991775,-0.43798578,-0.23092085,0.3017908,-0.08454508,0.57855994,-0.046109356,-0.22065067
1,组12,排01,复,0.16267927,3.9635801,-1.8721889,0.40120146,-1.1444697,-0.64883864,0.08943714,0.92388475,-0.08967182,1.4693414,0.6025454,-0.5019606,1.088483,-0.13189194,0.33311412,-1.2118326,-0.23319489,-0.20863733,-0.3976212,-0.41298658,0.6496059,0.17858325,-0.00014145301,0.8683117,0.40697092,0.40222055,-0.67446405,-0.37410247,0.76944935,-0.3375417,-0.7554365,0.4493927,0.2442078,-0.26670107,0.49492347,0.24352261,0.17559004,0.4487534,0.5655376,-0.17466919,0.83995664,0.26673165,-0.27991775,-0.43798578,-0.23092085,0.3017908,-0.08454508,0.57855994,-0.046109356,-0.22065067
1,组12,排01,友,0.16267927,3.9635801,-1.8721889,0.40120146,-1.1444697,-0.64883864,0.08943714,0.92388475,-0.08967182,1.4693414,0.6025454,-0.5019606,1.088483,-0.13189194,0.33311412,-1.2118326,-0.23319489,-0.20863733,-0.3976212,-0.41298658,0.6496059,0.17858325,-0.00014145301,0.8683117,0.40697092,0.40222055,-0.67446405,-0.37410247,0.76944935,-0.3375417,-0.7554365,0.4493927,0.2442078,-0.26670107,0.49492347,0.24352261,0.17559004,0.4487534,0.5655376,-0.17466919,0.83995664,0.26673165,-0.27991775,-0.43798578,-0.23092085,0.3017908,-0.08454508,0.57855994,-0.046109356,-0.22065067
2,组12,排02,言,-3.1804767,1.3119183,-1.1535391,0.75303257,-2.2600794,-1.978023,0.70722437,0.8800463,-2.377801,0.63603723,1.3114954,0.13440596,0.79715806,0.14862826,1.1952128,0.096697524,-1.371952,-1.008045,-0.4468036,-0.79919195,-0.4694523,-0.6640317,0.4129661,-1.0393243,0.29185075,-0.5153438,-0.7678465,0.026265226,-1.1630272,0.58153623,-0.31296638,0.33733505,-0.42794192,0.22671567,-0.24513628,-0.43127665,-0.29018205,-0.25935066,-0.21091034,-0.12676851,-0.41132203,0.15803236,0.11924611,0.23587692,-0.03839469,0.33543295,-0.23072982,0.07119112,-0.029405259,-0.014336655
2,组12,排02,友,-3.1804767,1.3119183,-1.1535391,0.75303257,-2.2600794,-1.978023,0.70722437,0.8800463,-2.377801,0.63603723,1.3114954,0.13440596,0.79715806,0.14862826,1.1952128,0.096697524,-1.371952,-1.008045,-0.4468036,-0.79919195,-0.4694523,-0.6640317,0.4129661,-1.0393243,0.29185075,-0.5153438,-0.7678465,0.026265226,-1.1630272,0.58153623,-0.31296638,0.33733505,-0.42794192,0.22671567,-0.24513628,-0.43127665,-0.29018205,-0.25935066,-0.21091034,-0.12676851,-0.41132203,0.15803236,0.11924611,0.23587692,-0.03839469,0.33543295,-0.23072982,0.07119112,-0.029405259,-0.014336655
2,组12,排02,复,-3.1804767,1.3119183,-1.1535391,0.75303257,-2.2600794,-1.978023,0.70722437,0.8800463,-2.377801,0.63603723,1.3114954,0.13440596,0.79715806,0.14862826,1.1952128,0.096697524,-1.371952,-1.008045,-0.4468036,-0.79919195,-0.4694523,-0.6640317,0.4129661,-1.0393243,0.29185075,-0.5153438,-0.7678465,0.026265226,-1.1630272,0.58153623,-0.31296638,0.33733505,-0.42794192,0.22671567,-0.24513628,-0.43127665,-0.29018205,-0.25935066,-0.21091034,-0.12676851,-0.41132203,0.15803236,0.11924611,0.23587692,-0.03839469,0.33543295,-0.23072982,0.07119112,-0.029405259,-0.014336655
3,组12,排03,复,-0.61894554,1.5748674,-2.0979512,0.7848581,-1.5454017,-1.2734249,0.29350594,1.0911438,-1.8799163,1.5105685,0.49706522,0.7372783,-0.3303331,-0.7247842,-0.42030954,-0.31118733,0.2747185,0.93287754,-0.2930007,0.7660677,-0.3639809,0.69279903,-0.44902486,0.60205823,0.047520235,0.9862715,0.49663553,-0.35244194,0.37259942,-0.48671535,-0.13935974,-0.15356933,-0.30673245,-0.07493184,-0.025482029,0.5497018,0.4547558,-0.03278598,-0.2815182,0.5135191,-0.35855266,-0.5655635,-0.044809613,0.17271644,-0.24526902,-0.39046705,-0.019425012,-0.13664126,0.41529232,0.33838463
3,组12,排03,言,-0.61894554,1.5748674,-2.0979512,0.7848581,-1.5454017,-1.2734249,0.29350594,1.0911438,-1.8799163,1.5105685,0.49706522,0.7372783,-0.3303331,-0.7247842,-0.42030954,-0.31118733,0.2747185,0.93287754,-0.2930007,0.7660677,-0.3639809,0.69279903,-0.44902486,0.60205823,0.047520235,0.9862715,0.49663553,-0.35244194,0.37259942,-0.48671535,-0.13935974,-0.15356933,-0.30673245,-0.07493184,-0.025482029,0.5497018,0.4547558,-0.03278598,-0.2815182,0.5135191,-0.35855266,-0.5655635,-0.044809613,0.17271644,-0.24526902,-0.39046705,-0.019425012,-0.13664126,0.41529232,0.33838463
3,组12,排03,友,-0.61894554,1.5748674,-2.0979512,0.7848581,-1.5454017,-1.2734249,0.29350594,1.0911438,-1.8799163,1.5105685,0.49706522,0.7372783,-0.3303331,-0.7247842,-0.42030954,-0.31118733,0.2747185,0.93287754,-0.2930007,0.7660677,-0.3639809,0.69279903,-0.44902486,0.60205823,0.047520235,0.9862715,0.49663553,-0.35244194,0.37259942,-0.48671535,-0.13935974,-0.15356933,-0.30673245,-0.07493184,-0.025482029,0.5497018,0.4547558,-0.03278598,-0.2815182,0.5135191,-0.35855266,-0.5655635,-0.044809613,0.17271644,-0.24526902,-0.39046705,-0.019425012,-0.13664126,0.41529232,0.33838463
4,组12,排04,复,-3.202125,1.0577418,-1.2973564,0.74542373,-2.2248085,-1.9620782,0.7589698,0.8653924,-2.094365,0.5549499,1.6726757,-0.11579594,0.907799,0.20148681,1.1470834,0.29069012,-1.111289,-0.960257,-0.57624054,-0.30452773,-0.9249328,-0.59982425,0.15028442,-0.48223025,0.21358006,-0.39224276,-0.5240712,-0.07009146,-0.91926026,0.775341,0.07460121,-0.08939738,-0.3014463,0.27492836,-0.27014446,-0.02682366,-0.22163433,-0.31781355,-0.22615415,-0.22174059,-0.020774838,0.083318084,0.3994774,0.17654924,0.15528202,-0.12370806,-0.1696972,-0.1915657,-0.27087787,-0.29690352
4,组12,排04,友,-3.202125,1.0577418,-1.2973564,0.74542373,-2.2248085,-1.9620782,0.7589698,0.8653924,-2.094365,0.5549499,1.6726757,-0.11579594,0.907799,0.20148681,1.1470834,0.29069012,-1.111289,-0.960257,-0.57624054,-0.30452773,-0.9249328,-0.59982425,0.15028442,-0.48223025,0.21358006,-0.39224276,-0.5240712,-0.07009146,-0.91926026,0.775341,0.07460121,-0.08939738,-0.3014463,0.27492836,-0.27014446,-0.02682366,-0.22163433,-0.31781355,-0.22615415,-0.22174059,-0.020774838,0.083318084,0.3994774,0.17654924,0.15528202,-0.12370806,-0.1696972,-0.1915657,-0.27087787,-0.29690352
4,组12,排04,言,-3.202125,1.0577418,-1.2973564,0.74542373,-2.2248085,-1.9620782,0.7589698,0.8653924,-2.094365,0.5549499,1.6726757,-0.11579594,0.907799,0.20148681,1.1470834,0.29069012,-1.111289,-0.960257,-0.57624054,-0.30452773,-0.9249328,-0.59982425,0.15028442,-0.48223025,0.21358006,-0.39224276,-0.5240712,-0.07009146,-0.91926026,0.775341,0.07460121,-0.08939738,-0.3014463,0.27492836,-0.27014446,-0.02682366,-0.22163433,-0.31781355,-0.22615415,-0.22174059,-0.020774838,0.083318084,0.3994774,0.17654924,0.15528202,-0.12370806,-0.1696972,-0.1915657,-0.27087787,-0.29690352
5,组12,排05,友,-0.7157742,1.8062731,-2.476219,1.1245445,-1.9478555,-1.1971818,0.22744133,0.90976846,-2.3228076,1.3059546,0.40389255,0.6388909,0.029546369,-0.7855119,-0.68970084,-0.47244722,-0.123678505,1.0677787,-0.21835957,0.81214696,-0.4013036,0.8085833,-0.52234423,0.39775681,-0.11939883,0.98512053,0.57208663,-0.38049638,0.12080476,-0.4499409,0.03132138,-0.17199184,-0.14630151,0.07674795,0.021005983,0.33239576,0.25117627,-0.17027809,-0.39899462,0.48622134,-0.7359014,-0.39891976,-0.15929653,0.30849597,-0.05356428,-0.3775493,0.038439143,-0.39634404,0.29847732,0.50875413
5,组12,排05,言,-0.7157742,1.8062731,-2.476219,1.1245445,-1.9478555,-1.1971818,0.22744133,0.90976846,-2.3228076,1.3059546,0.40389255,0.6388909,0.029546369,-0.7855119,-0.68970084,-0.47244722,-0.123678505,1.0677787,-0.21835957,0.81214696,-0.4013036,0.8085833,-0.52234423,0.39775681,-0.11939883,0.98512053,0.57208663,-0.38049638,0.12080476,-0.4499409,0.03132138,-0.17199184,-0.14630151,0.07674795,0.021005983,0.33239576,0.25117627,-0.17027809,-0.39899462,0.48622134,-0.7359014,-0.39891976,-0.15929653,0.30849597,-0.05356428,-0.3775493,0.038439143,-0.39634404,0.29847732,0.50875413
5,组12,排05,复,-0.7157742,1.8062731,-2.476219,1.1245445,-1.9478555,-1.1971818,0.22744133,0.90976846,-2.3228076,1.3059546,0.40389255,0.6388909,0.029546369,-0.7855119,-0.68970084,-0.47244722,-0.123678505,1.0677787,-0.21835957,0.81214696,-0.4013036,0.8085833,-0.52234423,0.39775681,-0.11939883,0.98512053,0.57208663,-0.38049638,0.12080476,-0.4499409,0.03132138,-0.17199184,-0.14630151,0.07674795,0.021005983,0.33239576,0.25117627,-0.17027809,-0.39899462,0.48622134,-0.7359014,-0.39891976,-0.15929653,0.30849597,-0.05356428,-0.3775493,0.038439143,-0.39634404,0.29847732,0.50875413
6,组12,排06,友,0.22165677,3.787011,-2.0331333,0.52612185,-1.2784574,-0.7935767,-0.07115081,0.64009714,-0.3717477,1.2168069,0.93555063,-0.70669,1.1882035,-0.26481646,0.12621142,-1.1673532,-0.37240025,-0.16921227,-0.42400518,-0.17025897,0.4337682,0.28234458,-0.331399,0.9913031,0.22564662,0.5731255,-0.38875803,-0.49060863,0.483338,-0.19989985,-0.41656524,0.121779904,0.3648541,-0.24419162,0.6111548,0.34309763,0.08320578,0.21898484,0.3266335,-0.13386165,0.7845496,0.29483777,-0.10962291,-0.21320485,0.038010765,-0.04051791,0.08701047,0.15396619,-0.13372838,-0.46239534
6,组12,排06,复,0.2216567,3.7870116,-2.0331345,0.52612185,-1.2784573,-0.79357713,-0.07115096,0.6400972,-0.37174764,1.216807,0.93555075,-0.70669,1.1882035,-0.26481646,0.12621152,-1.1673534,-0.37240034,-0.16921237,-0.42400497,-0.17025901,0.43376842,0.28234455,-0.33139881,0.991303,0.22564654,0.5731254,-0.38875803,-0.4906086,0.48333827,-0.19989969,-0.41656536,0.121779904,0.36485398,-0.24419159,0.61115485,0.34309757,0.08320567,0.21898477,0.32663357,-0.13386187,0.7845494,0.2948378,-0.10962292,-0.21320468,0.038010873,-0.040517893,0.08701044,0.15396607,-0.13372838,-0.46239525
6,组12,排06,言,0.2216567,3.7870116,-2.0331345,0.52612185,-1.2784573,-0.79357713,-0.07115096,0.6400972,-0.37174764,1.216807,0.93555075,-0.70669,1.1882035,-0.26481646,0.12621152,-1.1673534,-0.37240034,-0.16921237,-0.42400497,-0.17025901,0.43376842,0.28234455,-0.33139881,0.991303,0.22564654,0.5731254,-0.38875803,-0.4906086,0.48333827,-0.19989969,-0.41656536,0.121779904,0.36485398,-0.24419159,0.61115485,0.34309757,0.08320567,0.21898477,0.32663357,-0.13386187,0.7845494,0.2948378,-0.10962292,-0.21320468,0.038010873,-0.040517893,0.08701044,0.15396607,-0.13372838,-0.46239525
1,组13,排01,哪,2.1640987,0.60854316,-0.29064628,-0.14336061,0.9278515,2.9175658,0.3970116,0.78889394,0.5905968,-0.33194053,0.57045275,0.39152774,-0.6474823,0.9625709,-0.017015899,-0.5993117,0.007141959,0.45918506,-0.5662327,0.35437307,-0.67177624,-0.19607596,0.07951874,0.37056246,0.7383191,-0.3233721,0.15996596,-0.13398314,-0.0030569613,0.667467,-0.4465156,0.6076376,-0.14170226,-0.2770249,0.045977045,0.46685657,0.0072194193,0.6725361,-0.8483266,0.20417719,-0.6689,0.31183577,-0.23056994,0.19889559,0.026097216,0.020802842,-0.39313582,-0.1013678,0.179771,-0.6828934
1,组13,排01,认,2.1640987,0.60854316,-0.29064628,-0.14336061,0.9278515,2.9175658,0.3970116,0.78889394,0.5905968,-0.33194053,0.57045275,0.39152774,-0.6474823,0.9625709,-0.017015899,-0.5993117,0.007141959,0.45918506,-0.5662327,0.35437307,-0.67177624,-0.19607596,0.07951874,0.37056246,0.7383191,-0.3233721,0.15996596,-0.13398314,-0.0030569613,0.667467,-0.4465156,0.6076376,-0.14170226,-0.2770249,0.045977045,0.46685657,0.0072194193,0.6725361,-0.8483266,0.20417719,-0.6689,0.31183577,-0.23056994,0.19889559,0.026097216,0.020802842,-0.39313582,-0.1013678,0.179771,-0.6828934
1,组13,排01,行,2.1640987,0.60854316,-0.29064628,-0.14336061,0.9278515,2.9175658,0.3970116,0.78889394,0.5905968,-0.33194053,0.57045275,0.39152774,-0.6474823,0.9625709,-0.017015899,-0.5993117,0.007141959,0.45918506,-0.5662327,0.35437307,-0.67177624,-0.19607596,0.07951874,0.37056246,0.7383191,-0.3233721,0.15996596,-0.13398314,-0.0030569613,0.667467,-0.4465156,0.6076376,-0.14170226,-0.2770249,0.045977045,0.46685657,0.0072194193,0.6725361,-0.8483266,0.20417719,-0.6689,0.31183577,-0.23056994,0.19889559,0.026097216,0.020802842,-0.39313582,-0.1013678,0.179771,-0.6828934
2,组13,排02,哪,-2.5726435,-1.6052493,1.5027373,-0.7095956,0.91390413,1.991995,0.9590369,-1.3336323,-0.7343045,-0.08616592,0.87505114,-0.14349118,-0.46008435,0.87556106,0.4681932,-1.892037,-0.6994349,1.3965685,-0.70875204,0.029859727,-0.1887794,-0.8902176,-0.03968988,-0.31160817,0.12407848,-0.5029007,-0.52964836,0.2615165,-0.53793025,0.22156529,-0.25720555,-0.02948451,0.29202142,-0.6588876,0.5917153,0.55022657,-0.026088791,0.5087023,0.20228003,0.35697213,-0.12734045,-0.75397533,0.1303364,-0.15533604,0.06444814,0.08665888,0.14538437,-0.17813247,-0.14923152,0.07620415
2,组13,排02,行,-2.5726435,-1.6052493,1.5027373,-0.7095956,0.91390413,1.991995,0.9590369,-1.3336323,-0.7343045,-0.08616592,0.87505114,-0.14349118,-0.46008435,0.87556106,0.4681932,-1.892037,-0.6994349,1.3965685,-0.70875204,0.029859727,-0.1887794,-0.8902176,-0.03968988,-0.31160817,0.12407848,-0.5029007,-0.52964836,0.2615165,-0.53793025,0.22156529,-0.25720555,-0.02948451,0.29202142,-0.6588876,0.5917153,0.55022657,-0.026088791,0.5087023,0.20228003,0.35697213,-0.12734045,-0.75397533,0.1303364,-0.15533604,0.06444814,0.08665888,0.14538437,-0.17813247,-0.14923152,0.07620415
2,组13,排02,认,-2.5726435,-1.6052493,1.5027373,-0.7095956,0.91390413,1.991995,0.9590369,-1.3336323,-0.7343045,-0.08616592,0.87505114,-0.14349118,-0.46008435,0.87556106,0.4681932,-1.892037,-0.6994349,1.3965685,-0.70875204,0.029859727,-0.1887794,-0.8902176,-0.03968988,-0.31160817,0.12407848,-0.5029007,-0.52964836,0.2615165,-0.53793025,0.22156529,-0.25720555,-0.02948451,0.29202142,-0.6588876,0.5917153,0.55022657,-0.026088791,0.5087023,0.20228003,0.35697213,-0.12734045,-0.75397533,0.1303364,-0.15533604,0.06444814,0.08665888,0.14538437,-0.17813247,-0.14923152,0.07620415
3,组13,排03,认,-2.433023,-3.2334857,0.285286,-0.43916434,-0.7276363,1.9439379,-0.34308368,0.7522235,0.66784346,-0.28328076,0.4741521,1.5635054,0.32934964,-0.7267402,2.0443933,-0.6152742,-0.33264112,-0.38083372,0.23171687,0.87463856,-0.020538228,-0.7737914,-1.4742754,0.14855726,-0.12471467,0.031421285,0.2630017,-0.19462326,0.3661689,-0.025046589,-0.017687714,-0.1978336,-0.14648128,0.6098565,-0.31903803,-0.27638826,0.30972236,-0.32664102,0.1797692,0.02340238,0.27922714,0.38684678,-0.49908355,0.12056331,-0.08390124,0.25979838,0.10528574,0.21108367,0.06296604,0.119486526
3,组13,排03,哪,-2.433023,-3.2334857,0.285286,-0.43916434,-0.7276363,1.9439379,-0.34308368,0.7522235,0.66784346,-0.28328076,0.4741521,1.5635054,0.32934964,-0.7267402,2.0443933,-0.6152742,-0.33264112,-0.38083372,0.23171687,0.87463856,-0.020538228,-0.7737914,-1.4742754,0.14855726,-0.12471467,0.031421285,0.2630017,-0.19462326,0.3661689,-0.025046589,-0.017687714,-0.1978336,-0.14648128,0.6098565,-0.31903803,-0.27638826,0.30972236,-0.32664102,0.1797692,0.02340238,0.27922714,0.38684678,-0.49908355,0.12056331,-0.08390124,0.25979838,0.10528574,0.21108367,0.06296604,0.119486526
3,组13,排03,行,-2.433023,-3.233486,0.28528577,-0.4391644,-0.7276362,1.9439383,-0.34308362,0.75222343,0.6678434,-0.28328073,0.4741521,1.5635054,0.3293496,-0.72674006,2.0443933,-0.6152742,-0.33264112,-0.38083395,0.23171686,0.8746386,-0.02053826,-0.7737912,-1.4742757,0.14855726,-0.124714695,0.031421285,0.26300165,-0.19462332,0.36616895,-0.025046578,-0.0176877,-0.19783357,-0.14648134,0.6098566,-0.31903797,-0.27638823,0.30972236,-0.32664105,0.17976919,0.02340236,0.27922717,0.38684678,-0.49908352,0.12056331,-0.08390124,0.25979838,0.10528572,0.21108367,0.06296604,0.119486526
4,组13,排04,认,-2.59239,-1.9431422,0.68405676,-1.8286062,0.63166684,0.43125233,0.69628996,-1.4330401,-1.236639,0.72240144,0.64644533,-0.46667606,-0.015213728,0.7416706,0.6147611,-2.051515,-0.36599898,1.3173243,0.105888,0.90703833,0.35824937,-0.50138,-0.07916948,-0.68598706,-0.36013654,-0.7481713,0.018174343,0.09661888,-0.582253,-0.1801273,0.047741763,0.39702418,0.69870234,-0.504988,0.030699436,0.109725215,-0.17127015,0.22478066,0.786944,0.59507954,-0.050813124,-0.7181256,0.12111912,-0.075856544,0.14577518,0.21945927,0.06852103,0.30002454,-0.058632255,0.48681143
4,组13,排04,行,-2.59239,-1.9431422,0.68405676,-1.8286062,0.63166684,0.43125233,0.69628996,-1.4330401,-1.236639,0.72240144,0.64644533,-0.46667606,-0.015213728,0.7416706,0.6147611,-2.051515,-0.36599898,1.3173243,0.105888,0.90703833,0.35824937,-0.50138,-0.07916948,-0.68598706,-0.36013654,-0.7481713,0.018174343,0.09661888,-0.582253,-0.1801273,0.047741763,0.39702418,0.69870234,-0.504988,0.030699436,0.109725215,-0.17127015,0.22478066,0.786944,0.59507954,-0.050813124,-0.7181256,0.12111912,-0.075856544,0.14577518,0.21945927,0.06852103,0.30002454,-0.058632255,0.48681143
4,组13,排04,哪,-2.59239,-1.9431422,0.68405676,-1.8286062,0.63166684,0.43125233,0.69628996,-1.4330401,-1.236639,0.72240144,0.64644533,-0.46667606,-0.015213728,0.7416706,0.6147611,-2.051515,-0.36599898,1.3173243,0.105888,0.90703833,0.35824937,-0.50138,-0.07916948,-0.68598706,-0.36013654,-0.7481713,0.018174343,0.09661888,-0.582253,-0.1801273,0.047741763,0.39702418,0.69870234,-0.504988,0.030699436,0.109725215,-0.17127015,0.22478066,0.786944,0.59507954,-0.050813124,-0.7181256,0.12111912,-0.075856544,0.14577518,0.21945927,0.06852103,0.30002454,-0.058632255,0.48681143
5,组13,排05,行,-2.8682442,-2.2498755,0.8467952,-1.0685266,-0.7888629,2.2087362,-0.3371398,0.87715155,0.4554687,-0.47579023,0.4023915,1.3211133,0.2337699,-0.6017311,2.009995,-0.799268,-0.5672524,-0.34176332,0.2503078,1.2627568,-0.22649674,-0.85480416,-1.6772567,-0.0018125525,-0.035712104,0.27339867,0.3329274,0.1029485,0.6689391,-0.1548616,-0.039418187,-0.36315587,-0.15246435,0.58259076,-0.45683077,-0.26280135,0.24352805,-0.19661368,-0.043700047,0.08697933,0.5553751,0.48036647,-0.22522457,0.15306363,0.13061792,0.11613753,0.07693758,-0.3164632,0.10303882,-0.07780103
5,组13,排05,哪,-2.8682442,-2.2498755,0.8467952,-1.0685266,-0.7888629,2.2087362,-0.3371398,0.87715155,0.4554687,-0.47579023,0.4023915,1.3211133,0.2337699,-0.6017311,2.009995,-0.799268,-0.5672524,-0.34176332,0.2503078,1.2627568,-0.22649674,-0.85480416,-1.6772567,-0.0018125525,-0.035712104,0.27339867,0.3329274,0.1029485,0.6689391,-0.1548616,-0.039418187,-0.36315587,-0.15246435,0.58259076,-0.45683077,-0.26280135,0.24352805,-0.19661368,-0.043700047,0.08697933,0.5553751,0.48036647,-0.22522457,0.15306363,0.13061792,0.11613753,0.07693758,-0.3164632,0.10303882,-0.07780103
5,组13,排05,认,-2.8682442,-2.2498755,0.8467952,-1.0685266,-0.7888629,2.2087362,-0.3371398,0.87715155,0.4554687,-0.47579023,0.4023915,1.3211133,0.2337699,-0.6017311,2.009995,-0.799268,-0.5672524,-0.34176332,0.2503078,1.2627568,-0.22649674,-0.85480416,-1.6772567,-0.0018125525,-0.035712104,0.27339867,0.3329274,0.1029485,0.6689391,-0.1548616,-0.039418187,-0.36315587,-0.15246435,0.58259076,-0.45683077,-0.26280135,0.24352805,-0.19661368,-0.043700047,0.08697933,0.5553751,0.48036647,-0.22522457,0.15306363,0.13061792,0.11613753,0.07693758,-0.3164632,0.10303882,-0.07780103
6,组13,排06,行,2.0050259,1.209662,-0.467538,-1.8241701,0.80479324,1.7053816,0.2782747,0.5343239,-0.15549271,0.31810457,0.15159969,-0.28504747,-0.06674938,0.44635287,0.20915774,-1.3276243,0.13745157,0.14875574,0.29427657,1.3461032,-0.32387418,0.14655681,-0.29148966,-0.2176893,0.18369909,-0.5582983,0.82338077,0.0059673083,0.28700644,0.27696946,-0.5071964,0.6465294,0.16263235,-0.45890847,-0.35217056,-0.13795847,-0.24454749,0.35667628,-0.64098054,0.34742093,-0.36159945,0.46443772,0.0193148,0.3164192,0.6050553,-0.23162816,-0.124972716,0.11478314,0.19873258,-0.43320715
6,组13,排06,认,2.0050256,1.209662,-0.46753755,-1.82417,0.80479336,1.7053821,0.2782747,0.53432393,-0.15549289,0.31810454,0.15159975,-0.28504747,-0.06674946,0.44635287,0.20915769,-1.3276243,0.13745183,0.14875571,0.29427662,1.3461034,-0.32387424,0.14655682,-0.29148975,-0.21768916,0.18369912,-0.5582983,0.82338065,0.0059673577,0.28700632,0.2769694,-0.5071964,0.6465294,0.16263233,-0.45890838,-0.3521705,-0.13795844,-0.24454744,0.3566762,-0.64098054,0.34742108,-0.3615995,0.46443772,0.019314751,0.31641915,0.6050553,-0.23162815,-0.12497276,0.11478309,0.19873273,-0.4332071
6,组13,排06,哪,2.0050256,1.209662,-0.46753755,-1.82417,0.80479336,1.7053821,0.2782747,0.53432393,-0.15549289,0.31810454,0.15159975,-0.28504747,-0.06674946,0.44635287,0.20915769,-1.3276243,0.13745183,0.14875571,0.29427662,1.3461034,-0.32387424,0.14655682,-0.29148975,-0.21768916,0.18369912,-0.5582983,0.82338065,0.0059673577,0.28700632,0.2769694,-0.5071964,0.6465294,0.16263233,-0.45890838,-0.3521705,-0.13795844,-0.24454744,0.3566762,-0.64098054,0.34742108,-0.3615995,0.46443772,0.019314751,0.31641915,0.6050553,-0.23162815,-0.12497276,0.11478309,0.19873273,-0.4332071
1,组14,排01,它,1.163344,1.5146204,0.47905588,0.4480351,1.8261001,-1.438263,0.39824867,0.43058714,0.16739362,0.7160697,0.3330473,-0.35744163,-0.67130333,1.0791117,-0.20933752,-0.102880344,0.60765386,-1.7104878,0.30575702,0.025083875,0.2888418,0.01815923,-0.7193241,-0.18868,0.38310814,0.1745933,0.46064588,-0.2080185,-0.2736471,0.52537346,0.39890006,0.16559057,0.053897444,0.10985573,-0.0023374036,-0.12751418,0.51207477,0.32759258,0.17527673,0.9999873,-0.015013905,-0.004633869,0.3914901,-0.2508901,-0.5543817,0.29961157,0.03846022,-0.45981157,-0.422641,0.053681694
1,组14,排01,取,1.163344,1.5146204,0.47905588,0.4480351,1.8261001,-1.438263,0.39824867,0.43058714,0.16739362,0.7160697,0.3330473,-0.35744163,-0.67130333,1.0791117,-0.20933752,-0.102880344,0.60765386,-1.7104878,0.30575702,0.025083875,0.2888418,0.01815923,-0.7193241,-0.18868,0.38310814,0.1745933,0.46064588,-0.2080185,-0.2736471,0.52537346,0.39890006,0.16559057,0.053897444,0.10985573,-0.0023374036,-0.12751418,0.51207477,0.32759258,0.17527673,0.9999873,-0.015013905,-0.004633869,0.3914901,-0.2508901,-0.5543817,0.29961157,0.03846022,-0.45981157,-0.422641,0.053681694
1,组14,排01,无,1.163344,1.5146204,0.47905588,0.4480351,1.8261001,-1.438263,0.39824867,0.43058714,0.16739362,0.7160697,0.3330473,-0.35744163,-0.67130333,1.0791117,-0.20933752,-0.102880344,0.60765386,-1.7104878,0.30575702,0.025083875,0.2888418,0.01815923,-0.7193241,-0.18868,0.38310814,0.1745933,0.46064588,-0.2080185,-0.2736471,0.52537346,0.39890006,0.16559057,0.053897444,0.10985573,-0.0023374036,-0.12751418,0.51207477,0.32759258,0.17527673,0.9999873,-0.015013905,-0.004633869,0.3914901,-0.2508901,-0.5543817,0.29961157,0.03846022,-0.45981157,-0.422641,0.053681694
2,组14,排02,它,-0.18061464,1.6542455,-0.26623127,-0.8777066,0.60342747,0.7170524,0.25744343,-0.9073714,0.924737,0.9519298,0.014671487,2.6588562,-1.629505,-0.33138442,0.41433883,0.23500668,-0.7375303,-0.8994889,-0.18325278,-0.38032493,0.66131413,0.63535887,-0.16752636,0.1762429,0.06854544,0.7158327,0.28233305,-0.30892345,-1.5577695,-0.24113713,-0.017502468,-0.4381358,0.94684917,-0.07836824,0.35864854,-0.07397383,0.019634672,-0.005078666,0.3233924,-0.51713896,0.035304636,-0.1880167,0.07103062,0.1928256,0.04818114,-0.11297267,-0.18941867,0.10757966,0.17326452,-0.05254582
2,组14,排02,无,-0.18061464,1.6542455,-0.26623127,-0.8777066,0.60342747,0.7170524,0.25744343,-0.9073714,0.924737,0.9519298,0.014671487,2.6588562,-1.629505,-0.33138442,0.41433883,0.23500668,-0.7375303,-0.8994889,-0.18325278,-0.38032493,0.66131413,0.63535887,-0.16752636,0.1762429,0.06854544,0.7158327,0.28233305,-0.30892345,-1.5577695,-0.24113713,-0.017502468,-0.4381358,0.94684917,-0.07836824,0.35864854,-0.07397383,0.019634672,-0.005078666,0.3233924,-0.51713896,0.035304636,-0.1880167,0.07103062,0.1928256,0.04818114,-0.11297267,-0.18941867,0.10757966,0.17326452,-0.05254582
2,组14,排02,取,-0.18061464,1.6542455,-0.26623127,-0.8777066,0.60342747,0.7170524,0.25744343,-0.9073714,0.924737,0.9519298,0.014671487,2.6588562,-1.629505,-0.33138442,0.41433883,0.23500668,-0.7375303,-0.8994889,-0.18325278,-0.38032493,0.66131413,0.63535887,-0.16752636,0.1762429,0.06854544,0.7158327,0.28233305,-0.30892345,-1.5577695,-0.24113713,-0.017502468,-0.4381358,0.94684917,-0.07836824,0.35864854,-0.07397383,0.019634672,-0.005078666,0.3233924,-0.51713896,0.035304636,-0.1880167,0.07103062,0.1928256,0.04818114,-0.11297267,-0.18941867,0.10757966,0.17326452,-0.05254582
3,组14,排03,取,-2.5541737,-0.071098335,0.58947766,-0.105614014,1.9245498,-1.1542495,0.52588105,0.1283688,0.0034143594,0.4914025,-0.16343291,-0.055981193,-2.009708,-0.13804,-0.74614465,-0.30671328,-0.035183113,-2.061387,0.25690082,0.67811704,0.6701993,0.4483012,-0.2533534,-0.4793631,-0.23016675,0.013773117,0.25672248,-0.7662553,0.19690822,0.13749468,0.11484334,0.5631056,-0.68687904,-0.34354803,-0.12829323,0.8290665,-0.40715313,-0.043366797,-0.23495421,0.11835183,-0.19339347,0.09416215,-0.5269067,-0.16881229,0.18165803,-0.2328903,0.1472716,0.16852406,-0.40338823,-0.20342025
3,组14,排03,它,-2.5541737,-0.071098335,0.58947766,-0.105614014,1.9245498,-1.1542495,0.52588105,0.1283688,0.0034143594,0.4914025,-0.16343291,-0.055981193,-2.009708,-0.13804,-0.74614465,-0.30671328,-0.035183113,-2.061387,0.25690082,0.67811704,0.6701993,0.4483012,-0.2533534,-0.4793631,-0.23016675,0.013773117,0.25672248,-0.7662553,0.19690822,0.13749468,0.11484334,0.5631056,-0.68687904,-0.34354803,-0.12829323,0.8290665,-0.40715313,-0.043366797,-0.23495421,0.11835183,-0.19339347,0.09416215,-0.5269067,-0.16881229,0.18165803,-0.2328903,0.1472716,0.16852406,-0.40338823,-0.20342025
3,组14,排03,无,-2.5541737,-0.071098335,0.58947766,-0.105614014,1.9245498,-1.1542495,0.52588105,0.1283688,0.0034143594,0.4914025,-0.16343291,-0.055981193,-2.009708,-0.13804,-0.74614465,-0.30671328,-0.035183113,-2.061387,0.25690082,0.67811704,0.6701993,0.4483012,-0.2533534,-0.4793631,-0.23016675,0.013773117,0.25672248,-0.7662553,0.19690822,0.13749468,0.11484334,0.5631056,-0.68687904,-0.34354803,-0.12829323,0.8290665,-0.40715313,-0.043366797,-0.23495421,0.11835183,-0.19339347,0.09416215,-0.5269067,-0.16881229,0.18165803,-0.2328903,0.1472716,0.16852406,-0.40338823,-0.20342025
4,组14,排04,取,-0.49396318,2.1258807,-0.2995014,-1.1829189,0.50551486,1.108848,0.24079402,-1.1174781,1.0860835,0.54579824,-0.017921647,2.6142113,-1.7281219,0.073106244,0.5755672,0.24566025,-0.71513796,-0.9050554,-0.36181343,0.074251495,0.6538535,0.8749368,-0.18976384,0.22803013,0.24976128,0.6404919,0.305813,-0.19185174,-1.2780329,-0.19410309,-0.10731909,-0.24915002,0.9248814,0.04733711,0.21436307,0.057956066,0.06875325,0.12901013,0.14343056,-0.67789215,-0.3315559,-0.005244977,0.16100107,0.45123,0.21275218,-0.2816068,-0.033151973,-0.047566164,-0.0021306172,-0.18301703
4,组14,排04,无,-0.49396318,2.1258807,-0.2995014,-1.1829189,0.50551486,1.108848,0.24079402,-1.1174781,1.0860835,0.54579824,-0.017921647,2.6142113,-1.7281219,0.073106244,0.5755672,0.24566025,-0.71513796,-0.9050554,-0.36181343,0.074251495,0.6538535,0.8749368,-0.18976384,0.22803013,0.24976128,0.6404919,0.305813,-0.19185174,-1.2780329,-0.19410309,-0.10731909,-0.24915002,0.9248814,0.04733711,0.21436307,0.057956066,0.06875325,0.12901013,0.14343056,-0.67789215,-0.3315559,-0.005244977,0.16100107,0.45123,0.21275218,-0.2816068,-0.033151973,-0.047566164,-0.0021306172,-0.18301703
4,组14,排04,它,-0.49396318,2.1258807,-0.2995014,-1.1829189,0.50551486,1.108848,0.24079402,-1.1174781,1.0860835,0.54579824,-0.017921647,2.6142113,-1.7281219,0.073106244,0.5755672,0.24566025,-0.71513796,-0.9050554,-0.36181343,0.074251495,0.6538535,0.8749368,-0.18976384,0.22803013,0.24976128,0.6404919,0.305813,-0.19185174,-1.2780329,-0.19410309,-0.10731909,-0.24915002,0.9248814,0.04733711,0.21436307,0.057956066,0.06875325,0.12901013,0.14343056,-0.67789215,-0.3315559,-0.005244977,0.16100107,0.45123,0.21275218,-0.2816068,-0.033151973,-0.047566164,-0.0021306172,-0.18301703
5,组14,排05,无,-2.1541307,-1.0890274,0.51870203,1.554098,1.667362,0.012501082,0.37358534,0.27342,0.12380304,-0.05116914,-0.2882559,0.53023916,-1.36261,0.05253172,-1.0399935,-0.059310146,-1.0390279,-1.4108195,0.34296948,-0.009025238,0.35173604,-0.10999096,-0.15045084,-0.1945338,-0.46945444,0.37320143,-0.103850745,-1.0640808,0.20831363,-0.122024424,0.008038001,0.4446181,-0.8212924,-0.80763686,-0.10534449,0.56083834,-0.40630895,-0.29578122,-0.5117341,-0.009081845,0.49657166,0.0013436138,-0.6247564,-0.53720075,0.105312146,0.14933525,-0.24061942,0.12517667,-0.065109245,0.24316148
5,组14,排05,它,-2.1541307,-1.0890274,0.51870203,1.554098,1.667362,0.012501082,0.37358534,0.27342,0.12380304,-0.05116914,-0.2882559,0.53023916,-1.36261,0.05253172,-1.0399935,-0.059310146,-1.0390279,-1.4108195,0.34296948,-0.009025238,0.35173604,-0.10999096,-0.15045084,-0.1945338,-0.46945444,0.37320143,-0.103850745,-1.0640808,0.20831363,-0.122024424,0.008038001,0.4446181,-0.8212924,-0.80763686,-0.10534449,0.56083834,-0.40630895,-0.29578122,-0.5117341,-0.009081845,0.49657166,0.0013436138,-0.6247564,-0.53720075,0.105312146,0.14933525,-0.24061942,0.12517667,-0.065109245,0.24316148
5,组14,排05,取,-2.1541307,-1.0890274,0.51870203,1.554098,1.667362,0.012501082,0.37358534,0.27342,0.12380304,-0.05116914,-0.2882559,0.53023916,-1.36261,0.05253172,-1.0399935,-0.059310146,-1.0390279,-1.4108195,0.34296948,-0.009025238,0.35173604,-0.10999096,-0.15045084,-0.1945338,-0.46945444,0.37320143,-0.103850745,-1.0640808,0.20831363,-0.122024424,0.008038001,0.4446181,-0.8212924,-0.80763686,-0.10534449,0.56083834,-0.40630895,-0.29578122,-0.5117341,-0.009081845,0.49657166,0.0013436138,-0.6247564,-0.53720075,0.105312146,0.14933525,-0.24061942,0.12517667,-0.065109245,0.24316148
6,组14,排06,无,1.9088962,0.14863992,0.5232106,1.5220731,1.722117,-0.523862,0.08199245,0.52202713,0.33869684,-0.08264261,0.3048135,0.23251447,-0.13625845,1.4885553,-0.5177807,0.009355566,-0.6730401,-0.83010584,0.26369888,-0.27850375,-0.12993072,-0.5093129,-0.41824782,-0.05118763,0.30666724,0.5043299,0.07636652,-0.56709117,-0.26857078,0.3020048,0.10143355,0.2734222,-0.058440328,-0.24360776,-0.1991193,-0.20834957,0.4729284,-0.1203162,0.061784327,0.8679383,0.4775596,-0.096801154,0.46156752,-0.62977296,-0.5571663,0.5579613,-0.17087547,-0.3635567,0.07659012,0.5070076
6,组14,排06,取,1.908896,0.14863972,0.52321076,1.5220735,1.7221171,-0.5238623,0.08199271,0.5220271,0.33869675,-0.08264257,0.30481377,0.23251472,-0.13625863,1.4885553,-0.5177808,0.009355551,-0.6730402,-0.8301055,0.26369885,-0.2785038,-0.12993075,-0.50931305,-0.41824782,-0.051187616,0.30666706,0.50432986,0.076366626,-0.56709117,-0.26857084,0.3020049,0.10143371,0.2734223,-0.05844041,-0.2436077,-0.19911957,-0.20834962,0.47292855,-0.12031604,0.061784357,0.8679381,0.47755957,-0.09680124,0.4615675,-0.6297729,-0.5571662,0.5579615,-0.17087558,-0.36355686,0.07659011,0.50700754
6,组14,排06,它,1.908896,0.14863972,0.52321076,1.5220735,1.7221171,-0.5238623,0.08199271,0.5220271,0.33869675,-0.08264257,0.30481377,0.23251472,-0.13625863,1.4885553,-0.5177808,0.009355551,-0.6730402,-0.8301055,0.26369885,-0.2785038,-0.12993075,-0.50931305,-0.41824782,-0.051187616,0.30666706,0.50432986,0.076366626,-0.56709117,-0.26857084,0.3020049,0.10143371,0.2734223,-0.05844041,-0.2436077,-0.19911957,-0.20834962,0.47292855,-0.12031604,0.061784357,0.8679381,0.47755957,-0.09680124,0.4615675,-0.6297729,-0.5571662,0.5579615,-0.17087558,-0.36355686,0.07659011,0.50700754
1,组15,排01,边,0.7093152,1.3683913,-0.7062381,-1.5657502,0.3237545,0.98085445,-1.146328,-0.04556235,-1.358746,-0.88883245,0.5112775,0.31328198,0.45037243,-0.03996476,-0.7806948,0.49717158,-1.3299961,-0.2136677,0.12195669,0.10199944,0.3767907,0.2931794,0.34332183,-0.50701636,0.45396763,-0.8174216,0.23963457,-0.1160668,0.70775956,0.43226942,0.15865475,0.15010817,0.5213084,0.08311646,-0.39083686,-0.3316928,-0.12939811,0.39043346,0.12474112,-0.29832843,-0.20541227,0.021133669,-0.14930771,-0.072440244,-0.50852805,0.042829603,-0.3221727,-0.3747522,0.36997572,0.18745762
1,组15,排01,风,0.7093152,1.3683913,-0.7062381,-1.5657502,0.3237545,0.98085445,-1.146328,-0.04556235,-1.358746,-0.88883245,0.5112775,0.31328198,0.45037243,-0.03996476,-0.7806948,0.49717158,-1.3299961,-0.2136677,0.12195669,0.10199944,0.3767907,0.2931794,0.34332183,-0.50701636,0.45396763,-0.8174216,0.23963457,-0.1160668,0.70775956,0.43226942,0.15865475,0.15010817,0.5213084,0.08311646,-0.39083686,-0.3316928,-0.12939811,0.39043346,0.12474112,-0.29832843,-0.20541227,0.021133669,-0.14930771,-0.072440244,-0.50852805,0.042829603,-0.3221727,-0.3747522,0.36997572,0.18745762
1,组15,排01,要,0.7093152,1.3683913,-0.7062381,-1.5657502,0.3237545,0.98085445,-1.146328,-0.04556235,-1.358746,-0.88883245,0.5112775,0.31328198,0.45037243,-0.03996476,-0.7806948,0.49717158,-1.3299961,-0.2136677,0.12195669,0.10199944,0.3767907,0.2931794,0.34332183,-0.50701636,0.45396763,-0.8174216,0.23963457,-0.1160668,0.70775956,0.43226942,0.15865475,0.15010817,0.5213084,0.08311646,-0.39083686,-0.3316928,-0.12939811,0.39043346,0.12474112,-0.29832843,-0.20541227,0.021133669,-0.14930771,-0.072440244,-0.50852805,0.042829603,-0.3221727,-0.3747522,0.36997572,0.18745762
2,组15,排02,边,-3.3221507,0.9499856,1.5026492,-1.4698385,-0.17064755,0.8112044,-1.7117889,-0.34978658,-0.60677934,-1.1468377,0.014686946,1.0516126,0.8291676,-0.4870718,-1.451297,-0.22237667,-0.6183878,-0.20853424,-0.6973747,0.11210919,0.9382347,0.22464019,0.5722663,-0.4121551,0.21000105,0.5782544,-0.19585744,0.43091747,0.1766675,0.040953398,0.865977,0.16049568,-0.07101694,0.4823716,0.42815843,-0.2710528,0.15461369,-0.10533024,-0.09152149,0.6481807,0.059020195,0.2531592,-0.027884005,-0.29214054,0.5575353,-0.049197685,-0.14376678,0.21708532,-0.0907626,-0.030892137
2,组15,排02,要,-3.3221507,0.9499856,1.5026492,-1.4698385,-0.17064755,0.8112044,-1.7117889,-0.34978658,-0.60677934,-1.1468377,0.014686946,1.0516126,0.8291676,-0.4870718,-1.451297,-0.22237667,-0.6183878,-0.20853424,-0.6973747,0.11210919,0.9382347,0.22464019,0.5722663,-0.4121551,0.21000105,0.5782544,-0.19585744,0.43091747,0.1766675,0.040953398,0.865977,0.16049568,-0.07101694,0.4823716,0.42815843,-0.2710528,0.15461369,-0.10533024,-0.09152149,0.6481807,0.059020195,0.2531592,-0.027884005,-0.29214054,0.5575353,-0.049197685,-0.14376678,0.21708532,-0.0907626,-0.030892137
2,组15,排02,风,-3.3221507,0.9499856,1.5026492,-1.4698385,-0.17064755,0.8112044,-1.7117889,-0.34978658,-0.60677934,-1.1468377,0.014686946,1.0516126,0.8291676,-0.4870718,-1.451297,-0.22237667,-0.6183878,-0.20853424,-0.6973747,0.11210919,0.9382347,0.22464019,0.5722663,-0.4121551,0.21000105,0.5782544,-0.19585744,0.43091747,0.1766675,0.040953398,0.865977,0.16049568,-0.07101694,0.4823716,0.42815843,-0.2710528,0.15461369,-0.10533024,-0.09152149,0.6481807,0.059020195,0.2531592,-0.027884005,-0.29214054,0.5575353,-0.049197685,-0.14376678,0.21708532,-0.0907626,-0.030892137
3,组15,排03,风,1.9505322,0.13557495,-1.0977389,-1.3398687,-0.5944688,0.7208866,-1.015847,-0.36070505,-1.0861777,-0.44903967,0.031166477,-0.45113525,0.3355514,-0.2211336,-0.2535061,-0.24798667,-1.177671,0.046438895,0.045338303,0.30782557,0.5120795,0.5448381,0.10277977,-0.36442423,0.044065837,-0.38175586,0.018070988,0.41018203,0.43804494,-0.45685485,0.54076105,-0.10336784,-0.28123075,-0.47246182,-0.59510297,0.18851587,-0.074851446,-0.15068269,0.4101619,-0.5292465,0.07254903,-0.10713137,-0.016960815,0.07700734,-0.26719093,0.24672537,0.19062223,0.006244021,0.1279425,0.27054083
3,组15,排03,边,1.9505322,0.13557495,-1.0977389,-1.3398687,-0.5944688,0.7208866,-1.015847,-0.36070505,-1.0861777,-0.44903967,0.031166477,-0.45113525,0.3355514,-0.2211336,-0.2535061,-0.24798667,-1.177671,0.046438895,0.045338303,0.30782557,0.5120795,0.5448381,0.10277977,-0.36442423,0.044065837,-0.38175586,0.018070988,0.41018203,0.43804494,-0.45685485,0.54076105,-0.10336784,-0.28123075,-0.47246182,-0.59510297,0.18851587,-0.074851446,-0.15068269,0.4101619,-0.5292465,0.07254903,-0.10713137,-0.016960815,0.07700734,-0.26719093,0.24672537,0.19062223,0.006244021,0.1279425,0.27054083
3,组15,排03,要,1.9505322,0.13557495,-1.0977389,-1.3398687,-0.5944688,0.7208866,-1.015847,-0.36070505,-1.0861777,-0.44903967,0.031166477,-0.45113525,0.3355514,-0.2211336,-0.2535061,-0.24798667,-1.177671,0.046438895,0.045338303,0.30782557,0.5120795,0.5448381,0.10277977,-0.36442423,0.044065837,-0.38175586,0.018070988,0.41018203,0.43804494,-0.45685485,0.54076105,-0.10336784,-0.28123075,-0.47246182,-0.59510297,0.18851587,-0.074851446,-0.15068269,0.4101619,-0.5292465,0.07254903,-0.10713137,-0.016960815,0.07700734,-0.26719093,0.24672537,0.19062223,0.006244021,0.1279425,0.27054083
4,组15,排04,风,-3.2589533,0.88542444,1.4948195,-1.2265866,-0.27889296,0.81020224,-1.6210183,-0.38046673,-1.0744023,-1.0513647,-0.3177935,0.68843687,1.0642786,-0.5242354,-1.3884221,-0.5366245,-0.87922406,-0.19453982,-0.68334454,0.3574366,1.0893457,0.4342856,0.32239494,-0.54556423,0.24555907,0.5686157,-0.4174606,0.56352586,0.2208201,0.04828474,0.76424325,0.025945581,-0.022358418,0.39813966,0.56066036,-0.16733192,0.14126676,0.05222469,-0.09454255,0.7315846,-0.21353453,0.48329872,-0.13836792,-0.2982142,0.5977549,-0.08609414,-0.06777762,0.39022815,-0.43730867,0.10783048
4,组15,排04,要,-3.2589533,0.88542444,1.4948195,-1.2265866,-0.27889296,0.81020224,-1.6210183,-0.38046673,-1.0744023,-1.0513647,-0.3177935,0.68843687,1.0642786,-0.5242354,-1.3884221,-0.5366245,-0.87922406,-0.19453982,-0.68334454,0.3574366,1.0893457,0.4342856,0.32239494,-0.54556423,0.24555907,0.5686157,-0.4174606,0.56352586,0.2208201,0.04828474,0.76424325,0.025945581,-0.022358418,0.39813966,0.56066036,-0.16733192,0.14126676,0.05222469,-0.09454255,0.7315846,-0.21353453,0.48329872,-0.13836792,-0.2982142,0.5977549,-0.08609414,-0.06777762,0.39022815,-0.43730867,0.10783048
4,组15,排04,边,-3.2589533,0.88542444,1.4948195,-1.2265866,-0.27889296,0.81020224,-1.6210183,-0.38046673,-1.0744023,-1.0513647,-0.3177935,0.68843687,1.0642786,-0.5242354,-1.3884221,-0.5366245,-0.87922406,-0.19453982,-0.68334454,0.3574366,1.0893457,0.4342856,0.32239494,-0.54556423,0.24555907,0.5686157,-0.4174606,0.56352586,0.2208201,0.04828474,0.76424325,0.025945581,-0.022358418,0.39813966,0.56066036,-0.16733192,0.14126676,0.05222469,-0.09454255,0.7315846,-0.21353453,0.48329872,-0.13836792,-0.2982142,0.5977549,-0.08609414,-0.06777762,0.39022815,-0.43730867,0.10783048
5,组15,排05,要,1.598029,1.0563961,-0.36868027,-1.6468151,-0.5586687,0.9728085,-1.1020114,-0.12743971,-0.75333756,-0.5423747,0.48748618,-0.3313898,-0.12088617,-0.22144556,-0.28952023,0.027386555,-1.0883311,-0.054498732,-0.2415743,0.14360315,0.31603497,0.51781744,0.29604647,-0.29395348,0.20815141,-0.0944683,0.22835995,0.49853528,0.599004,-0.45655847,0.61543626,-0.013395166,-0.4259679,-0.4591495,-0.32382736,0.43000638,-0.027571648,-0.3437403,0.17220873,-0.4487745,0.19341686,0.039188247,0.38011795,-0.08428495,-0.373633,-0.039031718,0.5254566,-0.24610904,0.2112379,-0.09755281
5,组15,排05,边,1.598029,1.0563961,-0.36868027,-1.6468151,-0.5586687,0.9728085,-1.1020114,-0.12743971,-0.75333756,-0.5423747,0.48748618,-0.3313898,-0.12088617,-0.22144556,-0.28952023,0.027386555,-1.0883311,-0.054498732,-0.2415743,0.14360315,0.31603497,0.51781744,0.29604647,-0.29395348,0.20815141,-0.0944683,0.22835995,0.49853528,0.599004,-0.45655847,0.61543626,-0.013395166,-0.4259679,-0.4591495,-0.32382736,0.43000638,-0.027571648,-0.3437403,0.17220873,-0.4487745,0.19341686,0.039188247,0.38011795,-0.08428495,-0.373633,-0.039031718,0.5254566,-0.24610904,0.2112379,-0.09755281
5,组15,排05,风,1.598029,1.0563961,-0.36868027,-1.6468151,-0.5586687,0.9728085,-1.1020114,-0.12743971,-0.75333756,-0.5423747,0.48748618,-0.3313898,-0.12088617,-0.22144556,-0.28952023,0.027386555,-1.0883311,-0.054498732,-0.2415743,0.14360315,0.31603497,0.51781744,0.29604647,-0.29395348,0.20815141,-0.0944683,0.22835995,0.49853528,0.599004,-0.45655847,0.61543626,-0.013395166,-0.4259679,-0.4591495,-0.32382736,0.43000638,-0.027571648,-0.3437403,0.17220873,-0.4487745,0.19341686,0.039188247,0.38011795,-0.08428495,-0.373633,-0.039031718,0.5254566,-0.24610904,0.2112379,-0.09755281
6,组15,排06,要,0.5330725,2.026854,0.15898667,-1.8090018,0.22584859,1.3511273,-1.22616,-0.035116326,-1.3443608,-0.9221681,0.44559103,-0.0139860585,0.040623166,-0.07617809,-0.9126699,0.46777132,-1.2864462,-0.22646274,0.15915431,0.11009303,0.22237079,0.18112695,0.2631031,-0.5128111,0.561963,-0.60916346,0.44723415,0.0017910004,0.64462143,0.61015624,0.14042361,-0.10829888,0.6120093,0.020768723,-0.19105354,0.0064859814,-0.14441311,0.19872944,-0.1049847,-0.47240996,-0.08532639,0.062862836,0.3169929,-0.3459207,-0.6288623,-0.29515606,0.04786891,-0.34597325,0.009923476,-0.21737209
6,组15,排06,风,0.53307253,2.026853,0.15898642,-1.8090016,0.2258486,1.351127,-1.22616,-0.035116155,-1.3443608,-0.9221684,0.4455909,-0.013986171,0.04062319,-0.07617829,-0.91267,0.46777132,-1.2864463,-0.22646277,0.15915413,0.11009286,0.22237082,0.18112683,0.26310268,-0.512811,0.56196284,-0.60916334,0.44723395,0.0017912171,0.64462143,0.6101562,0.14042358,-0.108298875,0.6120092,0.020768749,-0.19105345,0.0064859227,-0.1444132,0.19872952,-0.10498463,-0.47241014,-0.085326314,0.06286282,0.3169929,-0.34592062,-0.6288625,-0.29515618,0.04786891,-0.34597325,0.009923371,-0.21737212
6,组15,排06,边,0.5330726,2.0268533,0.15898643,-1.8090016,0.22584856,1.351127,-1.2261599,-0.035116285,-1.3443605,-0.92216825,0.445591,-0.013986164,0.04062321,-0.07617846,-0.9126699,0.46777132,-1.2864466,-0.22646272,0.1591541,0.11009274,0.2223708,0.1811269,0.26310256,-0.5128109,0.5619629,-0.6091634,0.44723397,0.0017911957,0.64462143,0.6101561,0.14042361,-0.10829888,0.6120093,0.020768749,-0.1910535,0.006485897,-0.1444132,0.19872947,-0.10498458,-0.47241008,-0.08532631,0.06286279,0.3169929,-0.34592065,-0.6288624,-0.2951562,0.047868885,-0.3459733,0.0099233575,-0.21737212
1,组16,排01,交,0.3192376,1.8118867,-0.42763835,-1.7617337,1.0744424,-0.3596913,-0.6327218,0.41182086,0.10193519,1.9328687,-0.67220324,0.59794915,-0.6312346,0.45388526,0.6735735,1.3035597,0.23260511,0.3528112,-0.06950237,-0.20033523,-0.24149819,0.64046705,-1.0817797,-0.047128923,0.18643463,-0.08319177,-0.2918001,1.3482124,0.22470976,0.16120356,0.0024354947,0.00575522,-0.30648825,0.07210735,-0.7468914,-0.3925399,-0.11399345,0.53085136,-0.30702448,0.20964596,0.243441,-0.4063574,0.46871457,-0.46550384,0.014854185,-0.34069225,-0.4251938,0.13213938,-0.07427569,-0.015265919
1,组16,排01,息,0.3192376,1.8118867,-0.42763835,-1.7617337,1.0744424,-0.3596913,-0.6327218,0.41182086,0.10193519,1.9328687,-0.67220324,0.59794915,-0.6312346,0.45388526,0.6735735,1.3035597,0.23260511,0.3528112,-0.06950237,-0.20033523,-0.24149819,0.64046705,-1.0817797,-0.047128923,0.18643463,-0.08319177,-0.2918001,1.3482124,0.22470976,0.16120356,0.0024354947,0.00575522,-0.30648825,0.07210735,-0.7468914,-0.3925399,-0.11399345,0.53085136,-0.30702448,0.20964596,0.243441,-0.4063574,0.46871457,-0.46550384,0.014854185,-0.34069225,-0.4251938,0.13213938,-0.07427569,-0.015265919
1,组16,排01,包,0.3192376,1.8118867,-0.42763835,-1.7617337,1.0744424,-0.3596913,-0.6327218,0.41182086,0.10193519,1.9328687,-0.67220324,0.59794915,-0.6312346,0.45388526,0.6735735,1.3035597,0.23260511,0.3528112,-0.06950237,-0.20033523,-0.24149819,0.64046705,-1.0817797,-0.047128923,0.18643463,-0.08319177,-0.2918001,1.3482124,0.22470976,0.16120356,0.0024354947,0.00575522,-0.30648825,0.07210735,-0.7468914,-0.3925399,-0.11399345,0.53085136,-0.30702448,0.20964596,0.243441,-0.4063574,0.46871457,-0.46550384,0.014854185,-0.34069225,-0.4251938,0.13213938,-0.07427569,-0.015265919
2,组16,排02,交,-3.9067626,0.36170733,-0.96739376,-1.8771901,1.103395,0.52625537,-0.45697358,1.4679149,-0.3662197,0.72225004,-1.8151281,-1.6787707,-1.5088992,-0.274462,-0.33483797,1.8442189,-1.0320642,0.041923333,-0.8073329,0.19805638,-0.6054242,-0.7685565,-0.4150486,0.32162863,-0.3105051,-0.8514524,0.24722253,-0.25825435,0.42594686,-0.24398132,-0.1282816,-0.036802843,0.6236801,0.014846488,0.7042484,0.0005237254,0.413008,-0.5655797,0.053973336,0.13904363,0.11115346,-0.15898596,0.43316835,0.06851325,0.1805619,0.04305073,0.19117479,-0.3649756,0.21479201,-0.39401817
2,组16,排02,包,-3.9067626,0.36170733,-0.96739376,-1.8771901,1.103395,0.52625537,-0.45697358,1.4679149,-0.3662197,0.72225004,-1.8151281,-1.6787707,-1.5088992,-0.274462,-0.33483797,1.8442189,-1.0320642,0.041923333,-0.8073329,0.19805638,-0.6054242,-0.7685565,-0.4150486,0.32162863,-0.3105051,-0.8514524,0.24722253,-0.25825435,0.42594686,-0.24398132,-0.1282816,-0.036802843,0.6236801,0.014846488,0.7042484,0.0005237254,0.413008,-0.5655797,0.053973336,0.13904363,0.11115346,-0.15898596,0.43316835,0.06851325,0.1805619,0.04305073,0.19117479,-0.3649756,0.21479201,-0.39401817
2,组16,排02,息,-3.9067626,0.36170733,-0.96739376,-1.8771901,1.103395,0.52625537,-0.45697358,1.4679149,-0.3662197,0.72225004,-1.8151281,-1.6787707,-1.5088992,-0.274462,-0.33483797,1.8442189,-1.0320642,0.041923333,-0.8073329,0.19805638,-0.6054242,-0.7685565,-0.4150486,0.32162863,-0.3105051,-0.8514524,0.24722253,-0.25825435,0.42594686,-0.24398132,-0.1282816,-0.036802843,0.6236801,0.014846488,0.7042484,0.0005237254,0.413008,-0.5655797,0.053973336,0.13904363,0.11115346,-0.15898596,0.43316835,0.06851325,0.1805619,0.04305073,0.19117479,-0.3649756,0.21479201,-0.39401817
3,组16,排03,息,-4.9120793,0.66291654,0.758669,-1.1773124,1.7547864,0.15887506,-1.5034062,1.487432,0.9420222,1.5893705,-1.5933639,-0.06727854,2.1017108,1.1502552,0.115164146,-0.10282633,0.98569506,0.28827634,-0.9182368,-0.29694518,0.49406543,-0.2716259,0.528917,-0.12143749,-0.2638261,0.4368374,0.4520653,0.030097498,-0.64614904,0.26308095,0.28994185,-0.20424905,-0.54108363,-0.2583764,-0.0997542,0.0842483,-0.28392074,-0.20065925,0.19512793,-0.11404098,-0.22640909,0.065978475,-0.19376715,0.2452185,-0.28306165,0.045750353,-0.15596536,-0.27510858,0.38722348,0.25327694
3,组16,排03,交,-4.9120793,0.66291654,0.758669,-1.1773124,1.7547864,0.15887506,-1.5034062,1.487432,0.9420222,1.5893705,-1.5933639,-0.06727854,2.1017108,1.1502552,0.115164146,-0.10282633,0.98569506,0.28827634,-0.9182368,-0.29694518,0.49406543,-0.2716259,0.528917,-0.12143749,-0.2638261,0.4368374,0.4520653,0.030097498,-0.64614904,0.26308095,0.28994185,-0.20424905,-0.54108363,-0.2583764,-0.0997542,0.0842483,-0.28392074,-0.20065925,0.19512793,-0.11404098,-0.22640909,0.065978475,-0.19376715,0.2452185,-0.28306165,0.045750353,-0.15596536,-0.27510858,0.38722348,0.25327694
3,组16,排03,包,-4.9120793,0.66291654,0.758669,-1.1773124,1.7547864,0.15887506,-1.5034062,1.487432,0.9420222,1.5893705,-1.5933639,-0.06727854,2.1017108,1.1502552,0.115164146,-0.10282633,0.98569506,0.28827634,-0.9182368,-0.29694518,0.49406543,-0.2716259,0.528917,-0.12143749,-0.2638261,0.4368374,0.4520653,0.030097498,-0.64614904,0.26308095,0.28994185,-0.20424905,-0.54108363,-0.2583764,-0.0997542,0.0842483,-0.28392074,-0.20065925,0.19512793,-0.11404098,-0.22640909,0.065978475,-0.19376715,0.2452185,-0.28306165,0.045750353,-0.15596536,-0.27510858,0.38722348,0.25327694
4,组16,排04,息,-4.0804176,0.4030916,-1.8811642,-1.1287786,0.73280984,0.5036183,-0.03902934,1.3244282,-0.3577151,0.92129445,-2.151905,-1.7984132,-0.91814536,-0.20376655,-0.38194963,1.5935996,-0.96594197,0.042832218,-0.6616367,0.1655691,-0.7824451,-0.6548941,-0.4332714,0.5102712,-0.25013813,-1.2077969,-0.05826716,-0.5718201,0.26422915,-0.5508274,-0.22389787,0.13682792,0.70777243,0.20435572,0.91696423,-0.38833663,0.4373653,-0.16112149,-0.0006944693,-0.1914048,-0.18878,-0.11689595,-0.40996617,-0.12149788,0.15166795,0.31266236,0.027716186,0.1720443,-0.15488642,0.21710676
4,组16,排04,包,-4.0804176,0.4030916,-1.8811642,-1.1287786,0.73280984,0.5036183,-0.03902934,1.3244282,-0.3577151,0.92129445,-2.151905,-1.7984132,-0.91814536,-0.20376655,-0.38194963,1.5935996,-0.96594197,0.042832218,-0.6616367,0.1655691,-0.7824451,-0.6548941,-0.4332714,0.5102712,-0.25013813,-1.2077969,-0.05826716,-0.5718201,0.26422915,-0.5508274,-0.22389787,0.13682792,0.70777243,0.20435572,0.91696423,-0.38833663,0.4373653,-0.16112149,-0.0006944693,-0.1914048,-0.18878,-0.11689595,-0.40996617,-0.12149788,0.15166795,0.31266236,0.027716186,0.1720443,-0.15488642,0.21710676
4,组16,排04,交,-4.0804176,0.4030916,-1.8811642,-1.1287786,0.73280984,0.5036183,-0.03902934,1.3244282,-0.3577151,0.92129445,-2.151905,-1.7984132,-0.91814536,-0.20376655,-0.38194963,1.5935996,-0.96594197,0.042832218,-0.6616367,0.1655691,-0.7824451,-0.6548941,-0.4332714,0.5102712,-0.25013813,-1.2077969,-0.05826716,-0.5718201,0.26422915,-0.5508274,-0.22389787,0.13682792,0.70777243,0.20435572,0.91696423,-0.38833663,0.4373653,-0.16112149,-0.0006944693,-0.1914048,-0.18878,-0.11689595,-0.40996617,-0.12149788,0.15166795,0.31266236,0.027716186,0.1720443,-0.15488642,0.21710676
5,组16,排05,包,-5.3687773,1.4251922,0.85288334,-1.2742137,1.5772293,0.69947076,-1.8662809,1.2762626,1.3434823,1.3750818,-1.6342244,-0.47503793,2.1117768,1.5590935,0.13085586,-0.32754892,1.2903459,0.39652333,-1.1555727,0.011216593,0.47690308,-0.12675513,0.3801764,0.20202188,-0.05385614,0.28613344,0.47269195,0.00717257,-0.68513155,0.30348828,0.0044482336,-0.1446963,-0.5880667,-0.019764844,-0.39648056,0.7133405,-0.24726398,-0.20006914,0.11048953,-0.37082505,-0.061076306,0.26620325,-0.12820864,0.3135705,-0.43388638,-0.14677128,0.15545884,-0.02726877,0.113790326,-0.034109116
5,组16,排05,交,-5.3687773,1.4251922,0.85288334,-1.2742137,1.5772293,0.69947076,-1.8662809,1.2762626,1.3434823,1.3750818,-1.6342244,-0.47503793,2.1117768,1.5590935,0.13085586,-0.32754892,1.2903459,0.39652333,-1.1555727,0.011216593,0.47690308,-0.12675513,0.3801764,0.20202188,-0.05385614,0.28613344,0.47269195,0.00717257,-0.68513155,0.30348828,0.0044482336,-0.1446963,-0.5880667,-0.019764844,-0.39648056,0.7133405,-0.24726398,-0.20006914,0.11048953,-0.37082505,-0.061076306,0.26620325,-0.12820864,0.3135705,-0.43388638,-0.14677128,0.15545884,-0.02726877,0.113790326,-0.034109116
5,组16,排05,息,-5.3687773,1.4251922,0.85288334,-1.2742137,1.5772293,0.69947076,-1.8662809,1.2762626,1.3434823,1.3750818,-1.6342244,-0.47503793,2.1117768,1.5590935,0.13085586,-0.32754892,1.2903459,0.39652333,-1.1555727,0.011216593,0.47690308,-0.12675513,0.3801764,0.20202188,-0.05385614,0.28613344,0.47269195,0.00717257,-0.68513155,0.30348828,0.0044482336,-0.1446963,-0.5880667,-0.019764844,-0.39648056,0.7133405,-0.24726398,-0.20006914,0.11048953,-0.37082505,-0.061076306,0.26620325,-0.12820864,0.3135705,-0.43388638,-0.14677128,0.15545884,-0.02726877,0.113790326,-0.034109116
6,组16,排06,包,0.34267312,1.3496045,-1.3420987,-1.4685987,0.7890139,-0.2527069,-0.7767937,0.19174476,-0.014950134,1.7579561,-0.9027197,0.6595702,-0.17620865,0.76257735,0.60054016,1.2784877,0.0854909,0.5088046,0.040195525,-0.029568754,-0.3417035,0.7737726,-1.1125073,0.011397742,0.26716533,-0.23579678,-0.4224791,1.1348839,0.15807343,-0.14823146,-0.12071366,0.24445328,-0.38473144,0.17702025,-0.7299865,-0.519967,-0.16263054,0.76826954,-0.19034207,-0.025612943,0.22612855,-0.4657509,0.0021893356,-0.3883434,0.0774149,-0.03979001,-0.45641872,0.6278406,-0.3457156,0.38928682
6,组16,排06,息,0.34267327,1.3496044,-1.3420992,-1.4685985,0.78901404,-0.2527069,-0.77679384,0.19174479,-0.014950196,1.7579561,-0.9027197,0.6595702,-0.17620882,0.76257753,0.6005401,1.2784877,0.08549097,0.50880456,0.040195584,-0.029568722,-0.3417034,0.7737726,-1.1125073,0.011397749,0.26716533,-0.2357967,-0.42247906,1.1348839,0.15807341,-0.14823139,-0.120713845,0.24445322,-0.38473144,0.17702007,-0.7299864,-0.5199669,-0.16263053,0.7682695,-0.190342,-0.025612857,0.22612855,-0.46575087,0.0021892262,-0.38834333,0.07741482,-0.039790016,-0.4564187,0.6278406,-0.34571567,0.38928688
6,组16,排06,交,0.34267327,1.3496044,-1.3420992,-1.4685985,0.78901404,-0.2527069,-0.77679384,0.19174479,-0.014950196,1.7579561,-0.9027197,0.6595702,-0.17620882,0.76257753,0.6005401,1.2784877,0.08549097,0.50880456,0.040195584,-0.029568722,-0.3417034,0.7737726,-1.1125073,0.011397749,0.26716533,-0.2357967,-0.42247906,1.1348839,0.15807341,-0.14823139,-0.120713845,0.24445322,-0.38473144,0.17702007,-0.7299864,-0.5199669,-0.16263053,0.7682695,-0.190342,-0.025612857,0.22612855,-0.46575087,0.0021892262,-0.38834333,0.07741482,-0.039790016,-0.4564187,0.6278406,-0.34571567,0.38928688
1,组17,排01,指,2.8312683,-0.24806316,-0.897719,-1.0403538,0.14476623,-0.29888794,-0.37443936,0.6999065,0.56118214,0.9805523,0.5070274,-0.5913452,-0.6481605,-0.090373464,0.5812105,-0.8605558,0.22346386,0.16338843,0.067954645,-0.10395581,0.121683404,0.03030624,0.30842295,-0.26091754,0.40832692,-0.5329027,0.04227651,-0.25284082,-0.020565372,0.13025762,0.30661976,-0.5149107,-0.1273366,0.065192014,0.24251352,-0.047652736,-0.016598543,-0.60675174,0.26464486,0.04033487,0.45580736,0.12663397,0.19833213,-0.30095643,0.15760666,-0.49412096,0.25729692,0.1883412,0.44098675,-0.018855985
1,组17,排01,达,2.8312683,-0.24806316,-0.897719,-1.0403538,0.14476623,-0.29888794,-0.37443936,0.6999065,0.56118214,0.9805523,0.5070274,-0.5913452,-0.6481605,-0.090373464,0.5812105,-0.8605558,0.22346386,0.16338843,0.067954645,-0.10395581,0.121683404,0.03030624,0.30842295,-0.26091754,0.40832692,-0.5329027,0.04227651,-0.25284082,-0.020565372,0.13025762,0.30661976,-0.5149107,-0.1273366,0.065192014,0.24251352,-0.047652736,-0.016598543,-0.60675174,0.26464486,0.04033487,0.45580736,0.12663397,0.19833213,-0.30095643,0.15760666,-0.49412096,0.25729692,0.1883412,0.44098675,-0.018855985
1,组17,排01,也,2.8312683,-0.24806316,-0.897719,-1.0403538,0.14476623,-0.29888794,-0.37443936,0.6999065,0.56118214,0.9805523,0.5070274,-0.5913452,-0.6481605,-0.090373464,0.5812105,-0.8605558,0.22346386,0.16338843,0.067954645,-0.10395581,0.121683404,0.03030624,0.30842295,-0.26091754,0.40832692,-0.5329027,0.04227651,-0.25284082,-0.020565372,0.13025762,0.30661976,-0.5149107,-0.1273366,0.065192014,0.24251352,-0.047652736,-0.016598543,-0.60675174,0.26464486,0.04033487,0.45580736,0.12663397,0.19833213,-0.30095643,0.15760666,-0.49412096,0.25729692,0.1883412,0.44098675,-0.018855985
2,组17,排02,指,-1.6015536,-1.5802205,0.56527656,-0.39011404,1.2520888,-2.6152842,-0.49645108,0.7364839,0.64387137,0.40130636,0.60767347,0.06151648,-1.4149678,0.21078816,-1.065171,-1.2086214,-0.12167899,0.6600898,0.22803414,0.09933037,-0.54738575,-0.60362935,0.65451413,0.4104671,0.3725147,-0.052057747,-0.67363155,0.07016801,-0.15466978,-0.6812252,0.43829438,0.07311405,-0.15988663,0.938195,0.004666871,-0.058489375,-0.3695381,0.7413876,-0.22062184,-0.5847148,0.36174026,0.26734197,0.038530692,0.0070219086,0.41824096,0.031530462,0.20420924,-0.20560962,0.21037179,-0.013273053
2,组17,排02,也,-1.6015536,-1.5802205,0.56527656,-0.39011404,1.2520888,-2.6152842,-0.49645108,0.7364839,0.64387137,0.40130636,0.60767347,0.06151648,-1.4149678,0.21078816,-1.065171,-1.2086214,-0.12167899,0.6600898,0.22803414,0.09933037,-0.54738575,-0.60362935,0.65451413,0.4104671,0.3725147,-0.052057747,-0.67363155,0.07016801,-0.15466978,-0.6812252,0.43829438,0.07311405,-0.15988663,0.938195,0.004666871,-0.058489375,-0.3695381,0.7413876,-0.22062184,-0.5847148,0.36174026,0.26734197,0.038530692,0.0070219086,0.41824096,0.031530462,0.20420924,-0.20560962,0.21037179,-0.013273053
2,组17,排02,达,-1.6015536,-1.5802205,0.56527656,-0.39011404,1.2520888,-2.6152842,-0.49645108,0.7364839,0.64387137,0.40130636,0.60767347,0.06151648,-1.4149678,0.21078816,-1.065171,-1.2086214,-0.12167899,0.6600898,0.22803414,0.09933037,-0.54738575,-0.60362935,0.65451413,0.4104671,0.3725147,-0.052057747,-0.67363155,0.07016801,-0.15466978,-0.6812252,0.43829438,0.07311405,-0.15988663,0.938195,0.004666871,-0.058489375,-0.3695381,0.7413876,-0.22062184,-0.5847148,0.36174026,0.26734197,0.038530692,0.0070219086,0.41824096,0.031530462,0.20420924,-0.20560962,0.21037179,-0.013273053
3,组17,排03,达,2.1298652,-0.7349078,-1.4007514,-1.1209135,1.0097315,-1.1899235,-0.43075645,-0.37909353,0.508749,0.85945165,0.6020378,-0.26247153,-0.59495354,0.24614844,0.42970744,-0.42956617,-0.10229578,0.09665582,0.20612107,-0.096942656,0.089446165,0.11979957,0.014057057,0.0428028,0.47650477,-0.77454805,-0.02005511,-0.42487103,0.37331998,0.18553439,0.2285928,0.014041542,0.10313957,0.3494733,-0.4316144,0.0421094,-0.0582805,-0.18171391,0.4645193,0.5097633,0.27253097,-0.017127825,-0.14661501,0.3425464,-0.041020103,-0.5574366,0.14479735,-0.3344353,-0.04879325,0.22451301
3,组17,排03,指,2.1298652,-0.7349078,-1.4007514,-1.1209135,1.0097315,-1.1899235,-0.43075645,-0.37909353,0.508749,0.85945165,0.6020378,-0.26247153,-0.59495354,0.24614844,0.42970744,-0.42956617,-0.10229578,0.09665582,0.20612107,-0.096942656,0.089446165,0.11979957,0.014057057,0.0428028,0.47650477,-0.77454805,-0.02005511,-0.42487103,0.37331998,0.18553439,0.2285928,0.014041542,0.10313957,0.3494733,-0.4316144,0.0421094,-0.0582805,-0.18171391,0.4645193,0.5097633,0.27253097,-0.017127825,-0.14661501,0.3425464,-0.041020103,-0.5574366,0.14479735,-0.3344353,-0.04879325,0.22451301
3,组17,排03,也,2.1298652,-0.7349078,-1.4007514,-1.1209135,1.0097315,-1.1899235,-0.43075645,-0.37909353,0.508749,0.85945165,0.6020378,-0.26247153,-0.59495354,0.24614844,0.42970744,-0.42956617,-0.10229578,0.09665582,0.20612107,-0.096942656,0.089446165,0.11979957,0.014057057,0.0428028,0.47650477,-0.77454805,-0.02005511,-0.42487103,0.37331998,0.18553439,0.2285928,0.014041542,0.10313957,0.3494733,-0.4316144,0.0421094,-0.0582805,-0.18171391,0.4645193,0.5097633,0.27253097,-0.017127825,-0.14661501,0.3425464,-0.041020103,-0.5574366,0.14479735,-0.3344353,-0.04879325,0.22451301
4,组17,排04,达,-1.4452963,-2.0163429,0.1885296,-0.28847715,1.4412966,-2.5760918,-0.47736093,0.7113782,0.587023,0.56321985,0.47391203,0.14602508,-1.2609661,0.24633346,-1.048185,-1.1183262,-0.32926562,0.6037394,0.27820596,0.21344832,-0.48649082,-0.5825927,0.5884518,0.32061806,0.2665006,-0.06586731,-0.70793945,0.03486349,-0.20767699,-0.7358531,0.48911986,0.2412443,-0.19077252,0.8858571,-0.16002443,-0.10151727,-0.20558211,0.72187644,-0.3198715,-0.5250011,0.29485464,0.24038783,0.07681982,0.08684873,0.42072353,-0.025869014,0.20251954,-0.17455883,0.2597025,0.16649167
4,组17,排04,也,-1.4452963,-2.0163429,0.1885296,-0.28847715,1.4412966,-2.5760918,-0.47736093,0.7113782,0.587023,0.56321985,0.47391203,0.14602508,-1.2609661,0.24633346,-1.048185,-1.1183262,-0.32926562,0.6037394,0.27820596,0.21344832,-0.48649082,-0.5825927,0.5884518,0.32061806,0.2665006,-0.06586731,-0.70793945,0.03486349,-0.20767699,-0.7358531,0.48911986,0.2412443,-0.19077252,0.8858571,-0.16002443,-0.10151727,-0.20558211,0.72187644,-0.3198715,-0.5250011,0.29485464,0.24038783,0.07681982,0.08684873,0.42072353,-0.025869014,0.20251954,-0.17455883,0.2597025,0.16649167
4,组17,排04,指,-1.4452963,-2.0163429,0.1885296,-0.28847715,1.4412966,-2.5760918,-0.47736093,0.7113782,0.587023,0.56321985,0.47391203,0.14602508,-1.2609661,0.24633346,-1.048185,-1.1183262,-0.32926562,0.6037394,0.27820596,0.21344832,-0.48649082,-0.5825927,0.5884518,0.32061806,0.2665006,-0.06586731,-0.70793945,0.03486349,-0.20767699,-0.7358531,0.48911986,0.2412443,-0.19077252,0.8858571,-0.16002443,-0.10151727,-0.20558211,0.72187644,-0.3198715,-0.5250011,0.29485464,0.24038783,0.07681982,0.08684873,0.42072353,-0.025869014,0.20251954,-0.17455883,0.2597025,0.16649167
5,组17,排05,也,2.504911,-1.2884518,-0.9822666,0.051246144,1.6305144,-0.41870058,-0.14069211,-0.37533352,0.84178907,0.3028653,0.84207934,0.03369276,-0.6070378,0.22049712,0.28989723,0.19331464,-0.38533878,0.25263464,-0.64066654,-0.8574534,0.12218581,-0.066369355,0.2599236,0.498165,0.81290233,-0.5572919,-0.4190141,-0.30627483,0.3609716,0.38703442,0.24888653,-0.11418953,-0.13744894,0.6395675,-0.28842765,0.24856672,0.16445759,-0.2102867,0.6588372,0.5644465,0.05501374,0.10618465,-0.30547833,0.3191623,-0.35458097,-0.57987046,-0.0025687248,-0.33197138,-0.30797082,0.26355633
5,组17,排05,指,2.504911,-1.2884518,-0.9822666,0.051246144,1.6305144,-0.41870058,-0.14069211,-0.37533352,0.84178907,0.3028653,0.84207934,0.03369276,-0.6070378,0.22049712,0.28989723,0.19331464,-0.38533878,0.25263464,-0.64066654,-0.8574534,0.12218581,-0.066369355,0.2599236,0.498165,0.81290233,-0.5572919,-0.4190141,-0.30627483,0.3609716,0.38703442,0.24888653,-0.11418953,-0.13744894,0.6395675,-0.28842765,0.24856672,0.16445759,-0.2102867,0.6588372,0.5644465,0.05501374,0.10618465,-0.30547833,0.3191623,-0.35458097,-0.57987046,-0.0025687248,-0.33197138,-0.30797082,0.26355633
5,组17,排05,达,2.504911,-1.2884518,-0.9822666,0.051246144,1.6305144,-0.41870058,-0.14069211,-0.37533352,0.84178907,0.3028653,0.84207934,0.03369276,-0.6070378,0.22049712,0.28989723,0.19331464,-0.38533878,0.25263464,-0.64066654,-0.8574534,0.12218581,-0.066369355,0.2599236,0.498165,0.81290233,-0.5572919,-0.4190141,-0.30627483,0.3609716,0.38703442,0.24888653,-0.11418953,-0.13744894,0.6395675,-0.28842765,0.24856672,0.16445759,-0.2102867,0.6588372,0.5644465,0.05501374,0.10618465,-0.30547833,0.3191623,-0.35458097,-0.57987046,-0.0025687248,-0.33197138,-0.30797082,0.26355633
6,组17,排06,也,3.1818206,-1.1704878,-0.9983404,0.3891672,0.6729535,0.70541984,-0.104579054,0.8383396,0.99678916,0.6388604,0.78068364,-0.1586831,-0.64706343,0.31246313,0.44215384,-0.102669336,-0.04772554,0.13568129,-0.8823512,-0.6113923,0.23463957,-0.1193323,0.39829022,0.16458988,0.5961252,-0.28010103,-0.307744,-0.14896487,-0.10557605,0.15863438,0.36395514,-0.31762448,-0.38642484,0.4589688,0.23983084,0.0659704,0.327897,-0.5050525,0.2937558,0.2632473,0.1339285,0.29425552,0.14947358,-0.0204464,0.032631934,-0.5506123,0.18039206,0.17189175,0.30853668,-0.13622673
6,组17,排06,达,3.1818206,-1.1704875,-0.9983403,0.3891672,0.67295355,0.70541984,-0.10457899,0.8383396,0.9967893,0.6388605,0.78068376,-0.15868314,-0.64706326,0.3124631,0.44215387,-0.10266932,-0.047725573,0.13568136,-0.8823513,-0.61139244,0.23463951,-0.1193324,0.39829034,0.16458978,0.5961253,-0.28010103,-0.30774385,-0.14896485,-0.10557607,0.15863426,0.3639549,-0.31762463,-0.38642478,0.45896858,0.23983099,0.065970615,0.32789704,-0.50505227,0.2937558,0.26324728,0.13392855,0.29425558,0.14947368,-0.02044635,0.03263194,-0.5506123,0.18039201,0.17189169,0.30853665,-0.13622677
6,组17,排06,指,3.1818206,-1.1704875,-0.9983403,0.3891672,0.67295355,0.70541984,-0.10457899,0.8383396,0.9967893,0.6388605,0.78068376,-0.15868314,-0.64706326,0.3124631,0.44215387,-0.10266932,-0.047725573,0.13568136,-0.8823513,-0.61139244,0.23463951,-0.1193324,0.39829034,0.16458978,0.5961253,-0.28010103,-0.30774385,-0.14896485,-0.10557607,0.15863426,0.3639549,-0.31762463,-0.38642478,0.45896858,0.23983099,0.065970615,0.32789704,-0.50505227,0.2937558,0.26324728,0.13392855,0.29425558,0.14947368,-0.02044635,0.03263194,-0.5506123,0.18039201,0.17189169,0.30853665,-0.13622677
1,组18,排01,收,1.8958539,0.936308,-0.10282143,-2.1700664,0.41695118,-0.33636132,-0.10968354,-0.3252319,0.35663182,-0.65696186,0.39154568,-0.78198886,0.06031473,-0.3344686,0.0962928,0.38036263,-0.35072097,-0.106426306,-0.43767527,0.18958156,-0.24358563,0.582329,-0.2075227,0.020728206,-0.21925542,0.15694894,-0.1804897,0.095923126,-0.0155873075,0.23882115,0.2962322,-0.7341627,-0.6656906,-0.07499578,0.2016037,0.5963298,0.21940732,-0.105593756,-0.14606452,-0.13888,0.16188347,-0.52726686,0.40679634,0.66370565,0.5293195,0.20412757,0.4856786,0.32515538,-0.5117648,0.010515819
1,组18,排01,深,1.8958539,0.936308,-0.10282143,-2.1700664,0.41695118,-0.33636132,-0.10968354,-0.3252319,0.35663182,-0.65696186,0.39154568,-0.78198886,0.06031473,-0.3344686,0.0962928,0.38036263,-0.35072097,-0.106426306,-0.43767527,0.18958156,-0.24358563,0.582329,-0.2075227,0.020728206,-0.21925542,0.15694894,-0.1804897,0.095923126,-0.0155873075,0.23882115,0.2962322,-0.7341627,-0.6656906,-0.07499578,0.2016037,0.5963298,0.21940732,-0.105593756,-0.14606452,-0.13888,0.16188347,-0.52726686,0.40679634,0.66370565,0.5293195,0.20412757,0.4856786,0.32515538,-0.5117648,0.010515819
1,组18,排01,她,1.8958539,0.936308,-0.10282143,-2.1700664,0.41695118,-0.33636132,-0.10968354,-0.3252319,0.35663182,-0.65696186,0.39154568,-0.78198886,0.06031473,-0.3344686,0.0962928,0.38036263,-0.35072097,-0.106426306,-0.43767527,0.18958156,-0.24358563,0.582329,-0.2075227,0.020728206,-0.21925542,0.15694894,-0.1804897,0.095923126,-0.0155873075,0.23882115,0.2962322,-0.7341627,-0.6656906,-0.07499578,0.2016037,0.5963298,0.21940732,-0.105593756,-0.14606452,-0.13888,0.16188347,-0.52726686,0.40679634,0.66370565,0.5293195,0.20412757,0.4856786,0.32515538,-0.5117648,0.010515819
2,组18,排02,收,-2.769479,-2.5755143,1.1362764,-1.8755256,-0.68894583,-1.1314579,1.2759109,1.2353351,1.6003194,-0.010468855,1.4852035,-1.3549796,-0.28826666,0.9449369,-0.8467661,0.08427191,-1.3285449,0.26853824,1.3133905,0.027936183,0.5670497,0.7900685,-0.19924365,0.96116304,-0.9758794,0.5825442,0.37113288,0.9650413,0.013700091,0.7466879,-0.6077423,0.23772977,-0.24991181,-0.12671667,0.31821963,-0.34456408,-0.10685569,-0.436727,0.31346118,-0.08846713,-0.3548052,-0.08846859,0.17956685,0.12440754,-0.019728325,-0.23613733,-0.1543732,0.044329472,-0.112264976,-0.2529058
2,组18,排02,她,-2.769479,-2.5755143,1.1362764,-1.8755256,-0.68894583,-1.1314579,1.2759109,1.2353351,1.6003194,-0.010468855,1.4852035,-1.3549796,-0.28826666,0.9449369,-0.8467661,0.08427191,-1.3285449,0.26853824,1.3133905,0.027936183,0.5670497,0.7900685,-0.19924365,0.96116304,-0.9758794,0.5825442,0.37113288,0.9650413,0.013700091,0.7466879,-0.6077423,0.23772977,-0.24991181,-0.12671667,0.31821963,-0.34456408,-0.10685569,-0.436727,0.31346118,-0.08846713,-0.3548052,-0.08846859,0.17956685,0.12440754,-0.019728325,-0.23613733,-0.1543732,0.044329472,-0.112264976,-0.2529058
2,组18,排02,深,-2.769479,-2.5755143,1.1362764,-1.8755256,-0.68894583,-1.1314579,1.2759109,1.2353351,1.6003194,-0.010468855,1.4852035,-1.3549796,-0.28826666,0.9449369,-0.8467661,0.08427191,-1.3285449,0.26853824,1.3133905,0.027936183,0.5670497,0.7900685,-0.19924365,0.96116304,-0.9758794,0.5825442,0.37113288,0.9650413,0.013700091,0.7466879,-0.6077423,0.23772977,-0.24991181,-0.12671667,0.31821963,-0.34456408,-0.10685569,-0.436727,0.31346118,-0.08846713,-0.3548052,-0.08846859,0.17956685,0.12440754,-0.019728325,-0.23613733,-0.1543732,0.044329472,-0.112264976,-0.2529058
3,组18,排03,深,-0.072284326,-0.7449681,0.95124114,-0.67611283,0.39482853,-1.5643668,-1.6185237,-0.24370463,0.6751059,-0.6287801,0.61141247,0.05554111,1.0933634,-0.44966525,-1.2468872,0.15950772,0.2849577,-0.04271203,0.7995343,0.3265021,-1.0452836,-0.26399446,-0.0067215897,-0.19293204,0.63847953,-0.010409053,-0.30810216,0.08584643,-0.42063066,0.11798073,-0.25645247,-0.55299723,0.96090716,-0.3996928,-0.7126721,0.838562,1.2677981,-0.0009946575,-0.33351848,-0.15184866,0.097048976,-0.042539977,-0.3400404,0.08097509,0.01076291,0.45289847,-0.1725563,0.08606175,0.3042048,0.12252047
3,组18,排03,收,-0.072284326,-0.7449681,0.95124114,-0.67611283,0.39482853,-1.5643668,-1.6185237,-0.24370463,0.6751059,-0.6287801,0.61141247,0.05554111,1.0933634,-0.44966525,-1.2468872,0.15950772,0.2849577,-0.04271203,0.7995343,0.3265021,-1.0452836,-0.26399446,-0.0067215897,-0.19293204,0.63847953,-0.010409053,-0.30810216,0.08584643,-0.42063066,0.11798073,-0.25645247,-0.55299723,0.96090716,-0.3996928,-0.7126721,0.838562,1.2677981,-0.0009946575,-0.33351848,-0.15184866,0.097048976,-0.042539977,-0.3400404,0.08097509,0.01076291,0.45289847,-0.1725563,0.08606175,0.3042048,0.12252047
3,组18,排03,她,-0.07228434,-0.7449681,0.95124084,-0.6761129,0.3948287,-1.5643668,-1.6185241,-0.24370451,0.6751058,-0.6287801,0.6114127,0.0555411,1.0933635,-0.4496652,-1.2468872,0.15950778,0.28495768,-0.042711947,0.79953444,0.3265021,-1.0452838,-0.26399446,-0.0067216093,-0.19293201,0.6384796,-0.010409027,-0.30810225,0.08584643,-0.42063066,0.11798065,-0.2564525,-0.5529974,0.96090716,-0.39969274,-0.7126721,0.83856195,1.2677977,-0.000994712,-0.33351856,-0.15184863,0.09704901,-0.042540032,-0.3400404,0.08097512,0.01076294,0.45289847,-0.17255628,0.08606174,0.3042048,0.12252047
4,组18,排04,深,-2.6029181,-3.2871773,0.88101256,-1.1861832,-0.675068,-0.7424566,0.846529,1.5448084,1.6427435,-0.47114176,1.5623773,-1.116725,0.22536716,0.82242024,-0.8809127,0.078827195,-1.5929626,0.15702924,1.6726997,-0.17171696,0.3869941,1.0360003,-0.05363532,1.0939282,-0.38866055,0.37400174,0.009859774,1.0151371,-0.13085417,0.45633155,-0.3638592,-0.1002424,-0.05176158,-0.1556241,-0.023730457,-0.31612134,0.4177133,-0.15006994,0.3260905,-0.20874417,-0.352719,-0.039043438,-0.45166248,0.007209086,-0.2815342,-0.1111449,-0.15588662,-0.024853256,0.17685694,-0.084250174
4,组18,排04,她,-2.6029181,-3.2871773,0.88101256,-1.1861832,-0.675068,-0.7424566,0.846529,1.5448084,1.6427435,-0.47114176,1.5623773,-1.116725,0.22536716,0.82242024,-0.8809127,0.078827195,-1.5929626,0.15702924,1.6726997,-0.17171696,0.3869941,1.0360003,-0.05363532,1.0939282,-0.38866055,0.37400174,0.009859774,1.0151371,-0.13085417,0.45633155,-0.3638592,-0.1002424,-0.05176158,-0.1556241,-0.023730457,-0.31612134,0.4177133,-0.15006994,0.3260905,-0.20874417,-0.352719,-0.039043438,-0.45166248,0.007209086,-0.2815342,-0.1111449,-0.15588662,-0.024853256,0.17685694,-0.084250174
4,组18,排04,收,-2.6029181,-3.2871773,0.88101256,-1.1861832,-0.675068,-0.7424566,0.846529,1.5448084,1.6427435,-0.47114176,1.5623773,-1.116725,0.22536716,0.82242024,-0.8809127,0.078827195,-1.5929626,0.15702924,1.6726997,-0.17171696,0.3869941,1.0360003,-0.05363532,1.0939282,-0.38866055,0.37400174,0.009859774,1.0151371,-0.13085417,0.45633155,-0.3638592,-0.1002424,-0.05176158,-0.1556241,-0.023730457,-0.31612134,0.4177133,-0.15006994,0.3260905,-0.20874417,-0.352719,-0.039043438,-0.45166248,0.007209086,-0.2815342,-0.1111449,-0.15588662,-0.024853256,0.17685694,-0.084250174
5,组18,排05,她,0.15869208,-0.049506098,0.7125249,-1.4949563,0.35639438,-1.7229478,-1.2097093,-0.51341456,0.8747502,-0.06046432,0.49435523,0.19204539,0.42965072,-0.48277894,-0.8412514,0.14951229,0.6644011,-0.11278854,0.5822398,0.51350725,-0.94625396,-0.4907664,0.061689887,-0.343572,0.45515463,-0.116442725,-0.14037216,-0.16943821,-0.39451566,0.4709677,-0.31578365,-0.41798308,0.5198515,-0.75363624,-0.37709436,0.7025024,0.67180854,-0.33679986,-0.36444262,-0.15355025,0.23420122,-0.1756377,-0.024112003,0.031482287,0.031599414,0.21212813,-0.24957475,0.28028083,0.058722142,-0.102490045
5,组18,排05,收,0.15869208,-0.049506098,0.7125249,-1.4949563,0.35639438,-1.7229478,-1.2097093,-0.51341456,0.8747502,-0.06046432,0.49435523,0.19204539,0.42965072,-0.48277894,-0.8412514,0.14951229,0.6644011,-0.11278854,0.5822398,0.51350725,-0.94625396,-0.4907664,0.061689887,-0.343572,0.45515463,-0.116442725,-0.14037216,-0.16943821,-0.39451566,0.4709677,-0.31578365,-0.41798308,0.5198515,-0.75363624,-0.37709436,0.7025024,0.67180854,-0.33679986,-0.36444262,-0.15355025,0.23420122,-0.1756377,-0.024112003,0.031482287,0.031599414,0.21212813,-0.24957475,0.28028083,0.058722142,-0.102490045
5,组18,排05,深,0.15869208,-0.049506098,0.7125249,-1.4949563,0.35639438,-1.7229478,-1.2097093,-0.51341456,0.8747502,-0.06046432,0.49435523,0.19204539,0.42965072,-0.48277894,-0.8412514,0.14951229,0.6644011,-0.11278854,0.5822398,0.51350725,-0.94625396,-0.4907664,0.061689887,-0.343572,0.45515463,-0.116442725,-0.14037216,-0.16943821,-0.39451566,0.4709677,-0.31578365,-0.41798308,0.5198515,-0.75363624,-0.37709436,0.7025024,0.67180854,-0.33679986,-0.36444262,-0.15355025,0.23420122,-0.1756377,-0.024112003,0.031482287,0.031599414,0.21212813,-0.24957475,0.28028083,0.058722142,-0.102490045
6,组18,排06,她,1.9633876,0.79171085,-0.2653726,-2.176372,0.4493864,-0.55725753,0.1472244,-0.30444697,0.8105769,-0.57746035,0.14508414,-0.41499007,0.0047910544,-0.35818306,0.24284226,0.51204485,-0.29423997,-0.07783095,-0.3704755,0.15176359,-0.18150672,0.5239356,0.09668735,-0.16528104,0.20892735,0.030334594,-0.39550346,0.08831005,-0.16042268,0.2677133,0.20911466,-0.73475826,-0.6652826,-0.17250462,0.20747994,0.3956394,0.27114472,-0.035537526,-0.006684355,-0.08826461,0.19960389,-0.63725495,0.19912894,0.50354445,0.36996004,0.15146112,0.40150943,0.47306335,-0.40582734,0.0879014
6,组18,排06,深,1.9633883,0.79171085,-0.26537266,-2.1763716,0.44938627,-0.55725753,0.14722474,-0.30444694,0.810577,-0.5774605,0.14508398,-0.4149902,0.004790955,-0.358183,0.24284218,0.5120448,-0.29424012,-0.07783095,-0.37047553,0.1517636,-0.18150675,0.5239356,0.09668735,-0.16528113,0.20892736,0.030334571,-0.39550337,0.088309936,-0.1604227,0.26771334,0.20911463,-0.7347583,-0.66528267,-0.17250484,0.20747991,0.39563942,0.27114463,-0.035537597,-0.006684284,-0.0882647,0.19960377,-0.6372549,0.19912905,0.50354433,0.3699602,0.15146099,0.40150934,0.47306323,-0.40582737,0.08790125
6,组18,排06,收,1.9633883,0.79171085,-0.26537266,-2.1763716,0.44938627,-0.55725753,0.14722474,-0.30444694,0.810577,-0.5774605,0.14508398,-0.4149902,0.004790955,-0.358183,0.24284218,0.5120448,-0.29424012,-0.07783095,-0.37047553,0.1517636,-0.18150675,0.5239356,0.09668735,-0.16528113,0.20892736,0.030334571,-0.39550337,0.088309936,-0.1604227,0.26771334,0.20911463,-0.7347583,-0.66528267,-0.17250484,0.20747991,0.39563942,0.27114463,-0.035537597,-0.006684284,-0.0882647,0.19960377,-0.6372549,0.19912905,0.50354433,0.3699602,0.15146099,0.40150934,0.47306323,-0.40582737,0.08790125
1,组19,排01,力,1.879258,0.8732548,2.7990048,-0.7336666,0.3279203,-2.4001224,0.386023,-0.5551571,-0.56832993,-0.21497265,-1.0510936,-0.41264692,-0.6498806,-0.88985336,1.000646,-0.71128976,-0.009042905,0.8046893,-0.54254204,0.20591022,0.7754887,-0.23010257,0.03809215,0.4220019,-0.26232046,0.022165122,0.059296574,0.32888606,-0.17263731,0.12182901,0.14008981,-0.27377293,0.29822332,-0.11440681,-0.28837746,-0.19498469,-0.648801,-0.8512488,-0.27141973,0.27053693,0.20195392,-0.48948202,-0.1918443,-0.7275988,-0.11297575,0.148887,-0.25333074,-0.14369795,0.13973433,-0.83907884
1,组19,排01,英,1.879258,0.8732548,2.7990048,-0.7336666,0.3279203,-2.4001224,0.386023,-0.5551571,-0.56832993,-0.21497265,-1.0510936,-0.41264692,-0.6498806,-0.88985336,1.000646,-0.71128976,-0.009042905,0.8046893,-0.54254204,0.20591022,0.7754887,-0.23010257,0.03809215,0.4220019,-0.26232046,0.022165122,0.059296574,0.32888606,-0.17263731,0.12182901,0.14008981,-0.27377293,0.29822332,-0.11440681,-0.28837746,-0.19498469,-0.648801,-0.8512488,-0.27141973,0.27053693,0.20195392,-0.48948202,-0.1918443,-0.7275988,-0.11297575,0.148887,-0.25333074,-0.14369795,0.13973433,-0.83907884
1,组19,排01,斯,1.879258,0.8732548,2.7990048,-0.7336666,0.3279203,-2.4001224,0.386023,-0.5551571,-0.56832993,-0.21497265,-1.0510936,-0.41264692,-0.6498806,-0.88985336,1.000646,-0.71128976,-0.009042905,0.8046893,-0.54254204,0.20591022,0.7754887,-0.23010257,0.03809215,0.4220019,-0.26232046,0.022165122,0.059296574,0.32888606,-0.17263731,0.12182901,0.14008981,-0.27377293,0.29822332,-0.11440681,-0.28837746,-0.19498469,-0.648801,-0.8512488,-0.27141973,0.27053693,0.20195392,-0.48948202,-0.1918443,-0.7275988,-0.11297575,0.148887,-0.25333074,-0.14369795,0.13973433,-0.83907884
2,组19,排02,力,1.0033203,0.563856,2.7558634,-0.30481508,0.37072757,-2.3226647,0.31845242,-0.2558547,-0.0055490877,-1.2234412,-0.8781457,-0.07161144,-0.27652344,-0.8187047,1.2371526,0.35260132,-0.08575088,0.22085428,-0.3753103,0.27352995,0.5337001,-0.2896283,0.23281129,0.6879217,0.011924549,-0.03949458,-0.3820076,0.36630368,0.32048815,0.13243753,0.20987794,0.4873817,-0.091387056,-0.20770858,0.23402984,0.18113537,0.1904484,0.25871906,-0.5196103,0.19608232,0.07273028,0.35353446,0.27901554,0.57088065,0.03679872,-0.076121375,-0.6569059,-0.090744406,0.3202249,0.120658614
2,组19,排02,斯,1.0033203,0.563856,2.7558634,-0.30481508,0.37072757,-2.3226647,0.31845242,-0.2558547,-0.0055490877,-1.2234412,-0.8781457,-0.07161144,-0.27652344,-0.8187047,1.2371526,0.35260132,-0.08575088,0.22085428,-0.3753103,0.27352995,0.5337001,-0.2896283,0.23281129,0.6879217,0.011924549,-0.03949458,-0.3820076,0.36630368,0.32048815,0.13243753,0.20987794,0.4873817,-0.091387056,-0.20770858,0.23402984,0.18113537,0.1904484,0.25871906,-0.5196103,0.19608232,0.07273028,0.35353446,0.27901554,0.57088065,0.03679872,-0.076121375,-0.6569059,-0.090744406,0.3202249,0.120658614
2,组19,排02,英,1.0033203,0.563856,2.7558634,-0.30481508,0.37072757,-2.3226647,0.31845242,-0.2558547,-0.0055490877,-1.2234412,-0.8781457,-0.07161144,-0.27652344,-0.8187047,1.2371526,0.35260132,-0.08575088,0.22085428,-0.3753103,0.27352995,0.5337001,-0.2896283,0.23281129,0.6879217,0.011924549,-0.03949458,-0.3820076,0.36630368,0.32048815,0.13243753,0.20987794,0.4873817,-0.091387056,-0.20770858,0.23402984,0.18113537,0.1904484,0.25871906,-0.5196103,0.19608232,0.07273028,0.35353446,0.27901554,0.57088065,0.03679872,-0.076121375,-0.6569059,-0.090744406,0.3202249,0.120658614
3,组19,排03,英,1.2520825,1.8332579,2.8032224,-0.18194792,1.0429951,-2.3446546,0.41078293,0.47619712,-1.0708516,-1.3394432,-0.43474963,0.20294139,0.0017171035,0.16972916,1.2016509,0.39587086,0.03159152,0.48601288,0.20673561,0.72800714,0.7054307,-0.85008085,-0.1439454,0.2450687,-0.13434678,0.18330604,0.40583473,-0.34831497,0.4392674,0.4903464,-0.3595475,0.36043587,0.21626212,-0.34846294,-0.028555017,0.07848784,-0.038631406,-0.18701036,0.2264571,-0.56702524,-0.26701015,0.17863621,0.44591704,-0.24828005,0.05877326,-0.23539396,0.46046454,0.15405352,-0.1608933,0.4444671
3,组19,排03,力,1.2520825,1.8332579,2.8032224,-0.18194792,1.0429951,-2.3446546,0.41078293,0.47619712,-1.0708516,-1.3394432,-0.43474963,0.20294139,0.0017171035,0.16972916,1.2016509,0.39587086,0.03159152,0.48601288,0.20673561,0.72800714,0.7054307,-0.85008085,-0.1439454,0.2450687,-0.13434678,0.18330604,0.40583473,-0.34831497,0.4392674,0.4903464,-0.3595475,0.36043587,0.21626212,-0.34846294,-0.028555017,0.07848784,-0.038631406,-0.18701036,0.2264571,-0.56702524,-0.26701015,0.17863621,0.44591704,-0.24828005,0.05877326,-0.23539396,0.46046454,0.15405352,-0.1608933,0.4444671
3,组19,排03,斯,1.2520825,1.8332579,2.8032224,-0.18194792,1.0429951,-2.3446546,0.41078293,0.47619712,-1.0708516,-1.3394432,-0.43474963,0.20294139,0.0017171035,0.16972916,1.2016509,0.39587086,0.03159152,0.48601288,0.20673561,0.72800714,0.7054307,-0.85008085,-0.1439454,0.2450687,-0.13434678,0.18330604,0.40583473,-0.34831497,0.4392674,0.4903464,-0.3595475,0.36043587,0.21626212,-0.34846294,-0.028555017,0.07848784,-0.038631406,-0.18701036,0.2264571,-0.56702524,-0.26701015,0.17863621,0.44591704,-0.24828005,0.05877326,-0.23539396,0.46046454,0.15405352,-0.1608933,0.4444671
4,组19,排04,英,0.971892,0.56781656,2.6248176,-0.20557442,0.30358696,-2.1866148,0.27403456,-0.29291663,-0.40204254,-1.3328058,-0.90364146,-0.30513978,-0.038040604,-0.7857436,0.9455886,0.31807145,-0.082957156,0.14138453,-0.2683082,0.2243912,0.414139,-0.22963138,0.017747672,0.7668231,-0.5040274,0.18883061,-0.2637816,0.30449644,0.35537815,-0.05998451,0.19728222,0.42654628,-0.05160889,-0.16412015,0.16355573,0.34078994,0.14956643,0.24958439,-0.48643836,0.07729262,0.15759456,0.2858058,0.46151733,0.66602623,0.097050816,-0.021966904,-0.66801775,-0.14868225,0.11584315,0.14256148
4,组19,排04,斯,0.971892,0.56781656,2.6248176,-0.20557442,0.30358696,-2.1866148,0.27403456,-0.29291663,-0.40204254,-1.3328058,-0.90364146,-0.30513978,-0.038040604,-0.7857436,0.9455886,0.31807145,-0.082957156,0.14138453,-0.2683082,0.2243912,0.414139,-0.22963138,0.017747672,0.7668231,-0.5040274,0.18883061,-0.2637816,0.30449644,0.35537815,-0.05998451,0.19728222,0.42654628,-0.05160889,-0.16412015,0.16355573,0.34078994,0.14956643,0.24958439,-0.48643836,0.07729262,0.15759456,0.2858058,0.46151733,0.66602623,0.097050816,-0.021966904,-0.66801775,-0.14868225,0.11584315,0.14256148
4,组19,排04,力,0.971892,0.56781656,2.6248176,-0.20557442,0.30358696,-2.1866148,0.27403456,-0.29291663,-0.40204254,-1.3328058,-0.90364146,-0.30513978,-0.038040604,-0.7857436,0.9455886,0.31807145,-0.082957156,0.14138453,-0.2683082,0.2243912,0.414139,-0.22963138,0.017747672,0.7668231,-0.5040274,0.18883061,-0.2637816,0.30449644,0.35537815,-0.05998451,0.19728222,0.42654628,-0.05160889,-0.16412015,0.16355573,0.34078994,0.14956643,0.24958439,-0.48643836,0.07729262,0.15759456,0.2858058,0.46151733,0.66602623,0.097050816,-0.021966904,-0.66801775,-0.14868225,0.11584315,0.14256148
5,组19,排05,斯,1.2994198,1.3155961,2.7499368,1.4814595,1.6386377,-1.1118364,0.5877485,0.85365206,-0.824077,-1.7901196,-0.11115211,0.73692214,0.18046962,0.31944498,1.3394805,0.79954463,-0.4126622,0.6178126,-0.32176426,-0.038076844,0.70560366,-0.4942837,0.0038843155,0.5097362,0.57658577,0.1609387,-0.023689745,-0.33576295,0.25363994,0.7721706,-0.36524808,0.039443243,0.09047034,-0.07802726,0.20346245,0.031588927,0.5505664,0.33448717,0.30150834,-0.52263,-0.77800095,0.33518493,-0.46169665,-0.026527165,-0.100317165,-0.19345883,0.7011765,0.27448756,-0.18952024,0.73426175
5,组19,排05,力,1.2994198,1.3155961,2.7499368,1.4814595,1.6386377,-1.1118364,0.5877485,0.85365206,-0.824077,-1.7901196,-0.11115211,0.73692214,0.18046962,0.31944498,1.3394805,0.79954463,-0.4126622,0.6178126,-0.32176426,-0.038076844,0.70560366,-0.4942837,0.0038843155,0.5097362,0.57658577,0.1609387,-0.023689745,-0.33576295,0.25363994,0.7721706,-0.36524808,0.039443243,0.09047034,-0.07802726,0.20346245,0.031588927,0.5505664,0.33448717,0.30150834,-0.52263,-0.77800095,0.33518493,-0.46169665,-0.026527165,-0.100317165,-0.19345883,0.7011765,0.27448756,-0.18952024,0.73426175
5,组19,排05,英,1.2994198,1.3155961,2.7499368,1.4814595,1.6386377,-1.1118364,0.5877485,0.85365206,-0.824077,-1.7901196,-0.11115211,0.73692214,0.18046962,0.31944498,1.3394805,0.79954463,-0.4126622,0.6178126,-0.32176426,-0.038076844,0.70560366,-0.4942837,0.0038843155,0.5097362,0.57658577,0.1609387,-0.023689745,-0.33576295,0.25363994,0.7721706,-0.36524808,0.039443243,0.09047034,-0.07802726,0.20346245,0.031588927,0.5505664,0.33448717,0.30150834,-0.52263,-0.77800095,0.33518493,-0.46169665,-0.026527165,-0.100317165,-0.19345883,0.7011765,0.27448756,-0.18952024,0.73426175
6,组19,排06,斯,2.136251,-0.30127656,2.1794379,1.189893,0.9439025,-1.2736366,0.18576863,-0.55208397,-0.5166987,-0.47079968,-0.62442404,-0.06492511,-0.27918515,-0.5444058,0.71773,-0.4490624,-0.4460264,0.6407785,-0.9636529,-0.53242946,0.4888604,-0.076972045,-0.18127151,0.7787293,-0.0049865507,0.17195033,-0.08342196,0.23028824,-0.07142368,0.046376698,0.15645473,-0.4874098,0.041794643,0.12107475,-0.18140471,-0.08056448,-0.26654127,-0.44641712,-0.24209602,-0.01900569,-0.26598522,-0.44932133,-0.72539216,-0.4841553,-0.3382919,0.19147776,-0.13681744,0.050028004,0.018307453,-0.69266725
6,组19,排06,英,2.1362517,-0.30127645,2.1794374,1.1898924,0.94390273,-1.2736366,0.18576883,-0.55208397,-0.51669866,-0.4707995,-0.62442404,-0.06492506,-0.27918515,-0.5444058,0.7177301,-0.4490624,-0.4460265,0.6407782,-0.96365273,-0.53242964,0.48886022,-0.076971956,-0.18127167,0.77872944,-0.004986473,0.17195012,-0.083421975,0.23028815,-0.07142362,0.046376787,0.15645456,-0.4874098,0.0417946,0.12107482,-0.18140474,-0.08056465,-0.26654124,-0.44641712,-0.24209592,-0.019005602,-0.26598504,-0.44932106,-0.725392,-0.4841552,-0.33829162,0.19147773,-0.13681753,0.050028194,0.018307405,-0.6926672
6,组19,排06,力,2.1362517,-0.30127645,2.1794374,1.1898924,0.94390273,-1.2736366,0.18576883,-0.55208397,-0.51669866,-0.4707995,-0.62442404,-0.06492506,-0.27918515,-0.5444058,0.7177301,-0.4490624,-0.4460265,0.6407782,-0.96365273,-0.53242964,0.48886022,-0.076971956,-0.18127167,0.77872944,-0.004986473,0.17195012,-0.083421975,0.23028815,-0.07142362,0.046376787,0.15645456,-0.4874098,0.0417946,0.12107482,-0.18140474,-0.08056465,-0.26654124,-0.44641712,-0.24209592,-0.019005602,-0.26598504,-0.44932106,-0.725392,-0.4841552,-0.33829162,0.19147773,-0.13681753,0.050028194,0.018307405,-0.6926672
1,组20,排01,每,-1.0154513,0.26553422,1.5891583,-1.0471114,-0.7715546,-0.030501159,2.5197387,-1.033732,-1.095786,0.73801243,-0.22344686,0.7265715,-0.3435595,-0.04200696,-0.33440968,-0.39321452,0.92693734,-0.9269101,0.027897976,0.4082036,0.4398504,-0.08914373,0.7098148,0.21524177,-0.86180675,-1.0053132,0.4966381,0.4191238,0.53932226,-0.24612066,-0.024932025,-0.5574579,-0.43153146,0.95717657,0.24429731,0.3493286,0.33001548,0.23993987,0.027512008,0.14954124,0.09393316,-0.03890468,0.44142303,0.17213811,-0.71852434,0.26702,-0.02868476,0.2651297,0.016787803,-0.049426574
1,组20,排01,为,-1.0154513,0.26553422,1.5891583,-1.0471114,-0.7715546,-0.030501159,2.5197387,-1.033732,-1.095786,0.73801243,-0.22344686,0.7265715,-0.3435595,-0.04200696,-0.33440968,-0.39321452,0.92693734,-0.9269101,0.027897976,0.4082036,0.4398504,-0.08914373,0.7098148,0.21524177,-0.86180675,-1.0053132,0.4966381,0.4191238,0.53932226,-0.24612066,-0.024932025,-0.5574579,-0.43153146,0.95717657,0.24429731,0.3493286,0.33001548,0.23993987,0.027512008,0.14954124,0.09393316,-0.03890468,0.44142303,0.17213811,-0.71852434,0.26702,-0.02868476,0.2651297,0.016787803,-0.049426574
1,组20,排01,让,-1.0154513,0.26553422,1.5891583,-1.0471114,-0.7715546,-0.030501159,2.5197387,-1.033732,-1.095786,0.73801243,-0.22344686,0.7265715,-0.3435595,-0.04200696,-0.33440968,-0.39321452,0.92693734,-0.9269101,0.027897976,0.4082036,0.4398504,-0.08914373,0.7098148,0.21524177,-0.86180675,-1.0053132,0.4966381,0.4191238,0.53932226,-0.24612066,-0.024932025,-0.5574579,-0.43153146,0.95717657,0.24429731,0.3493286,0.33001548,0.23993987,0.027512008,0.14954124,0.09393316,-0.03890468,0.44142303,0.17213811,-0.71852434,0.26702,-0.02868476,0.2651297,0.016787803,-0.049426574
2,组20,排02,每,2.6173394,1.6281618,1.098039,-1.0377254,-0.3230717,2.2484136,1.6675192,2.3981493,0.2784988,0.5408787,0.07484417,0.049334742,0.4528906,-1.3832906,-0.31533772,0.37726986,0.11185758,-0.24805802,0.12244126,0.16737524,-0.44339806,-0.6643256,1.6596477,0.5840183,-0.48941544,0.5735077,0.25571486,0.31467822,-0.35217306,0.024846893,0.24524142,0.5822489,0.5416815,0.46738705,-0.7651946,0.09923851,-0.2384092,-0.18542838,-0.011509265,0.18864568,0.49485737,-0.45263055,-0.16521749,-0.061053615,0.08687993,0.15254445,0.171177,-0.20343478,-0.27760068,0.110665
2,组20,排02,让,2.6173394,1.6281618,1.098039,-1.0377254,-0.3230717,2.2484136,1.6675192,2.3981493,0.2784988,0.5408787,0.07484417,0.049334742,0.4528906,-1.3832906,-0.31533772,0.37726986,0.11185758,-0.24805802,0.12244126,0.16737524,-0.44339806,-0.6643256,1.6596477,0.5840183,-0.48941544,0.5735077,0.25571486,0.31467822,-0.35217306,0.024846893,0.24524142,0.5822489,0.5416815,0.46738705,-0.7651946,0.09923851,-0.2384092,-0.18542838,-0.011509265,0.18864568,0.49485737,-0.45263055,-0.16521749,-0.061053615,0.08687993,0.15254445,0.171177,-0.20343478,-0.27760068,0.110665
2,组20,排02,为,2.6173394,1.6281618,1.098039,-1.0377254,-0.3230717,2.2484136,1.6675192,2.3981493,0.2784988,0.5408787,0.07484417,0.049334742,0.4528906,-1.3832906,-0.31533772,0.37726986,0.11185758,-0.24805802,0.12244126,0.16737524,-0.44339806,-0.6643256,1.6596477,0.5840183,-0.48941544,0.5735077,0.25571486,0.31467822,-0.35217306,0.024846893,0.24524142,0.5822489,0.5416815,0.46738705,-0.7651946,0.09923851,-0.2384092,-0.18542838,-0.011509265,0.18864568,0.49485737,-0.45263055,-0.16521749,-0.061053615,0.08687993,0.15254445,0.171177,-0.20343478,-0.27760068,0.110665
3,组20,排03,为,0.60007316,0.58284914,1.396,-1.1816828,0.48902962,-0.63238764,1.4838648,-0.90294725,-0.31395268,1.0171196,0.17174013,0.07377071,1.0655487,0.053325176,-0.7693585,0.09152547,0.9940335,-0.669076,-0.094021186,-0.6185183,1.1364357,-0.08450808,-0.027704164,-0.6127639,-0.068122886,-0.29323313,0.12950195,-0.23061109,0.8340102,0.30303484,-1.0521067,0.15464793,0.30444935,0.23201597,-0.28616798,-0.6245313,0.04191973,0.09840207,0.29135138,-0.13072321,0.2721989,-0.32680455,-0.23561138,0.5057039,0.98899645,-0.35490933,-0.08053965,-0.33894318,0.26423967,0.16356428
3,组20,排03,每,0.60007316,0.58284914,1.396,-1.1816828,0.48902962,-0.63238764,1.4838648,-0.90294725,-0.31395268,1.0171196,0.17174013,0.07377071,1.0655487,0.053325176,-0.7693585,0.09152547,0.9940335,-0.669076,-0.094021186,-0.6185183,1.1364357,-0.08450808,-0.027704164,-0.6127639,-0.068122886,-0.29323313,0.12950195,-0.23061109,0.8340102,0.30303484,-1.0521067,0.15464793,0.30444935,0.23201597,-0.28616798,-0.6245313,0.04191973,0.09840207,0.29135138,-0.13072321,0.2721989,-0.32680455,-0.23561138,0.5057039,0.98899645,-0.35490933,-0.08053965,-0.33894318,0.26423967,0.16356428
3,组20,排03,让,0.60007316,0.58284914,1.396,-1.1816828,0.48902962,-0.63238764,1.4838648,-0.90294725,-0.31395268,1.0171196,0.17174013,0.07377071,1.0655487,0.053325176,-0.7693585,0.09152547,0.9940335,-0.669076,-0.094021186,-0.6185183,1.1364357,-0.08450808,-0.027704164,-0.6127639,-0.068122886,-0.29323313,0.12950195,-0.23061109,0.8340102,0.30303484,-1.0521067,0.15464793,0.30444935,0.23201597,-0.28616798,-0.6245313,0.04191973,0.09840207,0.29135138,-0.13072321,0.2721989,-0.32680455,-0.23561138,0.5057039,0.98899645,-0.35490933,-0.08053965,-0.33894318,0.26423967,0.16356428
4,组20,排04,为,2.7206557,1.4381262,1.0907179,-1.2883155,-0.4281063,2.0040624,1.6949928,2.3299582,0.49814653,0.37813604,-0.020398416,0.29737774,0.3476841,-1.2517902,-0.119046435,0.38154075,0.13865376,-0.1250062,0.020472422,0.24257164,-0.20425993,-0.51323223,1.5833764,0.26807743,-0.3664581,0.3720536,0.33345616,0.29379722,-0.43785626,0.39938667,0.065925464,0.5954457,0.67692214,0.39170623,-0.59648234,0.11047133,-0.12514305,-0.08236458,-0.001974057,0.2246282,0.4656683,-0.38875827,-0.23670332,-0.09497815,0.09715174,0.08723241,0.054606747,-0.10891192,-0.15639232,0.10250254
4,组20,排04,让,2.7206557,1.4381262,1.0907179,-1.2883155,-0.4281063,2.0040624,1.6949928,2.3299582,0.49814653,0.37813604,-0.020398416,0.29737774,0.3476841,-1.2517902,-0.119046435,0.38154075,0.13865376,-0.1250062,0.020472422,0.24257164,-0.20425993,-0.51323223,1.5833764,0.26807743,-0.3664581,0.3720536,0.33345616,0.29379722,-0.43785626,0.39938667,0.065925464,0.5954457,0.67692214,0.39170623,-0.59648234,0.11047133,-0.12514305,-0.08236458,-0.001974057,0.2246282,0.4656683,-0.38875827,-0.23670332,-0.09497815,0.09715174,0.08723241,0.054606747,-0.10891192,-0.15639232,0.10250254
4,组20,排04,每,2.7206557,1.4381262,1.0907179,-1.2883155,-0.4281063,2.0040624,1.6949928,2.3299582,0.49814653,0.37813604,-0.020398416,0.29737774,0.3476841,-1.2517902,-0.119046435,0.38154075,0.13865376,-0.1250062,0.020472422,0.24257164,-0.20425993,-0.51323223,1.5833764,0.26807743,-0.3664581,0.3720536,0.33345616,0.29379722,-0.43785626,0.39938667,0.065925464,0.5954457,0.67692214,0.39170623,-0.59648234,0.11047133,-0.12514305,-0.08236458,-0.001974057,0.2246282,0.4656683,-0.38875827,-0.23670332,-0.09497815,0.09715174,0.08723241,0.054606747,-0.10891192,-0.15639232,0.10250254
5,组20,排05,让,0.98018414,0.2326616,1.6766603,0.42867067,0.79251534,0.7085618,1.3689556,-0.8098276,-0.33143476,0.7098691,0.23328894,0.24607788,1.2315706,0.26450095,-1.1808567,0.23895872,0.14294238,-0.46762046,-0.29536763,-1.2768364,0.44487125,-0.45994982,-0.25302905,-0.19292182,-0.1776506,0.052348737,-0.057009086,-0.30911645,0.6582664,0.09552387,-1.064936,-0.23859511,-0.11164758,0.12437461,-0.061992165,-0.50414366,0.16456284,0.04841787,-0.15927097,-0.3468235,0.25438616,-0.5689914,-0.23644494,0.26069266,0.77342665,-0.20347239,0.042954456,-0.24863885,0.16485749,0.36270773
5,组20,排05,每,0.98018414,0.2326616,1.6766603,0.42867067,0.79251534,0.7085618,1.3689556,-0.8098276,-0.33143476,0.7098691,0.23328894,0.24607788,1.2315706,0.26450095,-1.1808567,0.23895872,0.14294238,-0.46762046,-0.29536763,-1.2768364,0.44487125,-0.45994982,-0.25302905,-0.19292182,-0.1776506,0.052348737,-0.057009086,-0.30911645,0.6582664,0.09552387,-1.064936,-0.23859511,-0.11164758,0.12437461,-0.061992165,-0.50414366,0.16456284,0.04841787,-0.15927097,-0.3468235,0.25438616,-0.5689914,-0.23644494,0.26069266,0.77342665,-0.20347239,0.042954456,-0.24863885,0.16485749,0.36270773
5,组20,排05,为,0.98018414,0.2326616,1.6766603,0.42867067,0.79251534,0.7085618,1.3689556,-0.8098276,-0.33143476,0.7098691,0.23328894,0.24607788,1.2315706,0.26450095,-1.1808567,0.23895872,0.14294238,-0.46762046,-0.29536763,-1.2768364,0.44487125,-0.45994982,-0.25302905,-0.19292182,-0.1776506,0.052348737,-0.057009086,-0.30911645,0.6582664,0.09552387,-1.064936,-0.23859511,-0.11164758,0.12437461,-0.061992165,-0.50414366,0.16456284,0.04841787,-0.15927097,-0.3468235,0.25438616,-0.5689914,-0.23644494,0.26069266,0.77342665,-0.20347239,0.042954456,-0.24863885,0.16485749,0.36270773
6,组20,排06,让,-1.0318598,-0.66529334,2.071797,0.32731313,-0.43168437,1.613939,2.370363,-0.9742934,-0.66612977,0.15493038,0.03809447,0.9125763,-0.11491209,0.7067999,-0.7156953,-0.020731892,0.003852416,-0.8458021,-0.2864502,0.1426762,-0.26252472,-0.21769972,0.602135,0.3849298,-0.55201447,-0.6461171,0.041340727,0.25084844,0.30156404,-0.2540567,-0.28899413,-0.73158175,-0.6203269,0.85700953,0.30671063,0.5466968,0.50163454,0.36882135,-0.3873643,-0.050346486,-0.05521519,-0.30516708,0.3475192,0.06387807,-0.81973326,0.27364862,0.018361732,0.553901,0.33518785,-0.013610051
6,组20,排06,为,-1.0318595,-0.6652932,2.0717976,0.32731298,-0.43168437,1.6139393,2.370363,-0.9742934,-0.6661298,0.15493043,0.038094383,0.9125765,-0.114912175,0.7068001,-0.71569514,-0.020731965,0.003852463,-0.8458021,-0.2864501,0.14267617,-0.26252478,-0.21769977,0.6021349,0.38492972,-0.55201447,-0.64611703,0.04134055,0.25084853,0.30156425,-0.2540566,-0.28899422,-0.73158187,-0.62032676,0.85700953,0.30671057,0.54669684,0.50163436,0.3688214,-0.38736448,-0.050346345,-0.055215288,-0.30516696,0.34751895,0.06387781,-0.81973344,0.27364862,0.018361554,0.5539009,0.33518773,-0.013609937
6,组20,排06,每,-1.0318595,-0.66529334,2.0717976,0.32731304,-0.43168437,1.6139389,2.370363,-0.9742938,-0.6661297,0.15493047,0.03809441,0.91257644,-0.11491216,0.7068002,-0.7156952,-0.020731982,0.0038523264,-0.8458024,-0.28645012,0.14267617,-0.26252478,-0.21769978,0.6021348,0.38492978,-0.5520145,-0.64611673,0.041340496,0.25084856,0.30156428,-0.25405657,-0.28899428,-0.73158187,-0.6203268,0.8570096,0.30671048,0.5466968,0.50163436,0.36882138,-0.38736448,-0.050346423,-0.0552153,-0.3051669,0.34751892,0.06387779,-0.8197334,0.2736486,0.018361544,0.55390096,0.33518773,-0.013609953
